audio_id,filename,nearest_neighbor,nearest_similarity,nn2,nn2_sim
00ae450b11f1,목잡이.m4a,편안세게.m4a,0.6950214768666784,upload.webm · e1c87ca2,0.6675439714577623
07564b6df5b9,upload.webm · 07564b6d,편안세게.m4a,0.6862967309272304,목잡이.m4a,0.6097335784052067
0ada85fffc84,테스트.m4a,upload.webm · 357eeb64,0.6074977222102353,upload.webm · c8d4b24b,0.49789041838217885
0ea5487c229a,upload.webm · 0ea5487c,upload.webm · e8314e2d,0.7128564892488781,upload.webm · 2c9d61eb,0.6613409862257075
0f26db696e8e,I'llneverloveagain.m4a,요즘 바쁜가봐.m4a,0.843683468406854,거의동116.m4a,0.8102450146711315
10d07cc48c55,편안세게.m4a,목잡이.m4a,0.6950214768666784,upload.webm · 07564b6d,0.6862967309272304
1387ae324719,거의동117.m4a,love again.m4a,0.8317399455801755,옥탑방.m4a,0.827217627965371
15f8e161f598,Lyrics.mp3,옥탑방.m4a,0.5734958552924388,거의동117.m4a,0.5075681854079418
16b7e83c0418,upload.webm · 16b7e83c,upload.webm · a888cb14,0.9909731313045386,upload.wav · c1f4910e,0.8025913358530816
1a0be83ce9c6,upload.webm · 1a0be83c,upload.wav · cfc6b206,0.9999999999978633,upload.wav · c1f4910e,0.9636086677524204
2c9d61ebb9da,upload.webm · 2c9d61eb,upload.webm · d87efe3c,0.8081388400130096,upload.webm · e8314e2d,0.7598315341730157
357eeb649bd6,upload.webm · 357eeb64,upload.webm · 7abf49d0,0.8204995889421806,upload.webm · c3fca76b,0.7745111277172323
36a7bd4286b4,upload.webm · 36a7bd42,upload.webm · aba38287,0.5846815434178824,upload.webm · a69d81db,0.5582517229429227
37db691d1416,upload.webm · 37db691d,upload.webm · 882c5cd5,0.45814168370364367,upload.webm · d399575e,0.428498736561382
3ced1f723c5e,거의동116.m4a,drowning.m4a,0.8596419842827001,요즘 바쁜가봐.m4a,0.8324278485043329
40fb338380cc,upload.webm · 40fb3383,upload.webm · 983379d1,0.6213859735753694,upload.webm · f19129f7,0.5714647650113314
442202fca595,upload.wav · 442202fc,upload.wav · 9e6b39da,0.998959450188194,upload.wav · a77ba822,0.9989594457262012
54b972ad300a,편하게.m4a,호흡많고헤드.m4a,0.7446818723237475,upload.webm · 7abf49d0,0.6961661181701665
5662e8094f66,upload.webm · 5662e809,upload.webm · ee4a74e0,0.5786498704398368,upload.webm · 0ea5487c,0.5566569467454004
5e7819c3abb4,bluemoon.m4a,요즘 바쁜가봐.m4a,0.79084326791809,I'llneverloveagain.m4a,0.7847213088291927
5fdfa9eb73e5,drowning.m4a,거의동116.m4a,0.8596419842827001,요즘 바쁜가봐.m4a,0.8216271127909196
6b3aa0d0ddfb,upload.webm · 6b3aa0d0,upload.webm · ee4a74e0,0.5705705721997207,호흡많고헤드.m4a,0.5004630056505023
6fb8c8208c80,movie.m4a,거의동117.m4a,0.7606670573015982,옥탑방.m4a,0.7462306860870719
70479ec67665,upload.webm · 70479ec6,upload.webm · ee4a74e0,0.4770157901242296,upload.webm · b960707a,0.43921744105635047
7436d634b9bf,upload.webm · 7436d634,upload.webm · 357eeb64,0.7737007757265398,upload.webm · c3fca76b,0.7732353179849586
7abf49d0b4cd,upload.webm · 7abf49d0,upload.webm · c3fca76b,0.8717539680939463,upload.webm · c5cd93ed,0.8227200884799359
7b8c45cdd16b,upload.wav · 7b8c45cd,upload.webm · c01fc220,0.999968541468702,upload.wav · e8b8aa37,0.9998424680567862
8156c1254947,요즘 바쁜가봐.m4a,I'llneverloveagain.m4a,0.843683468406854,거의동116.m4a,0.8324278485043329
882c5cd5a0c8,upload.webm · 882c5cd5,upload.webm · f19129f7,0.5792386165966517,upload.webm · b4b7ce27,0.5123777664983674
8b5617784c9c,upload.wav · 8b561778,upload.wav · 90ac5e34,0.9999979425121578,upload.wav · 7b8c45cd,0.9697161826779768
90147c986aae,upload.webm · 90147c98,upload.wav · c1f4910e,0.9302062509144381,upload.wav · 442202fc,0.9089710738527987
90ac5e34aedd,upload.wav · 90ac5e34,upload.wav · 8b561778,0.9999979425121578,upload.wav · 7b8c45cd,0.9694907327508366
95b54db5ba3d,upload.webm · 95b54db5,upload.webm · 0ea5487c,0.5964028263457617,upload.webm · 40fb3383,0.55135745811475
983379d1fe46,upload.webm · 983379d1,upload.webm · 40fb3383,0.6213859735753694,upload.webm · 0ea5487c,0.6053665262670878
99023e55f0f5,호흡많고헤드.m4a,편하게.m4a,0.7446818723237475,거의동116.m4a,0.6601305162829242
9e6b39daf637,upload.wav · 9e6b39da,upload.wav · a77ba822,0.9999999999967734,upload.wav · 442202fc,0.998959450188194
a29f829eedd0,upload.webm · a29f829e,upload.webm · bdb75679,0.7403319994642127,upload.webm · 357eeb64,0.6995909404460416
a69d81db3e48,upload.webm · a69d81db,upload.webm · a29f829e,0.6301279467348346,upload.webm · b4b7ce27,0.6285769439952757
a77ba822cbfe,upload.wav · a77ba822,upload.wav · 9e6b39da,0.9999999999967734,upload.wav · 442202fc,0.9989594457262012
a7c957603751,좋은사람.m4a,요즘 바쁜가봐.m4a,0.8180322137257898,거의동115.m4a,0.7965740833282141
a888cb14dd6a,upload.webm · a888cb14,upload.webm · 16b7e83c,0.9909731313045386,upload.wav · 9e6b39da,0.7971800226458318
aba38287641d,upload.webm · aba38287,upload.webm · c8d4b24b,0.6896062451324588,upload.webm · a29f829e,0.6469215769086272
aef8b974cfb0,love again.m4a,거의동117.m4a,0.8317399455801755,좋은사람.m4a,0.7457643827528541
b4b7ce279c98,upload.webm · b4b7ce27,upload.webm · 7436d634,0.634741077953348,upload.webm · a69d81db,0.6285769439952757
b960707ab2f6,upload.webm · b960707a,upload.webm · d399575e,0.6118787601242014,upload.webm · f19129f7,0.5506162900308119
b9ff5bf02262,upload.webm · b9ff5bf0,upload.webm · f19129f7,0.7000041145437997,upload.webm · b960707a,0.43965286573142803
bdb75679732a,upload.webm · bdb75679,upload.webm · a29f829e,0.7403319994642127,upload.webm · c8d4b24b,0.6170647216336584
c01fc220195f,upload.webm · c01fc220,upload.wav · 7b8c45cd,0.999968541468702,upload.wav · e8b8aa37,0.9999501343122433
c1815547c828,upload.webm · c1815547,upload.webm · e67deea6,0.5886940679016051,upload.webm · b4b7ce27,0.38887262337078327
c1f4910eafe2,upload.wav · c1f4910e,upload.wav · cfc6b206,0.9636086768465191,upload.webm · 1a0be83c,0.9636086677524204
c3fca76b89b8,upload.webm · c3fca76b,upload.webm · 7abf49d0,0.8717539680939463,upload.webm · c5cd93ed,0.8162645954827645
c5b20be3c802,upload.webm · c5b20be3,upload.webm · b4b7ce27,0.5294714689722603,upload.webm · aba38287,0.43528548970143166
c5cd93ed40a3,upload.webm · c5cd93ed,upload.webm · 7abf49d0,0.8227200884799359,upload.webm · c3fca76b,0.8162645954827645
c8d4b24b6f55,upload.webm · c8d4b24b,upload.webm · a29f829e,0.6907765620023018,upload.webm · aba38287,0.6896062451324588
ca43bc2b048b,upload.wav · ca43bc2b,upload.wav · c1f4910e,0.6962612435368603,upload.wav · 442202fc,0.6580046542723509
cfc6b206e99b,upload.wav · cfc6b206,upload.webm · 1a0be83c,0.9999999999978633,upload.wav · c1f4910e,0.9636086768465191
d03ad168d8d7,upload.webm · d03ad168,upload.webm · d399575e,0.5298236088027549,upload.webm · b960707a,0.5096367105301346
d241c8e7a734,기모그.m4a,I'llneverloveagain.m4a,0.6929685037056718,요즘 바쁜가봐.m4a,0.6359106561521041
d395d6bc40d4,upload.webm · d395d6bc,upload.webm · ed401e19,0.5119648174130398,upload.webm · d399575e,0.48202864660836453
d399575eeebe,upload.webm · d399575e,upload.webm · b960707a,0.6118787601242014,upload.webm · ed401e19,0.5990768511933167
d46938baf1fc,upload.wav · d46938ba,upload.wav · a77ba822,0.9850495906148908,upload.wav · 9e6b39da,0.9850495631442466
d5045bc290a1,거의동115.m4a,거의동116.m4a,0.8314273317668422,좋은사람.m4a,0.7965740833282141
d87efe3c048b,upload.webm · d87efe3c,upload.webm · 2c9d61eb,0.8081388400130096,upload.webm · e8314e2d,0.7447256933742458
e1c87ca2521c,upload.webm · e1c87ca2,upload.webm · c3fca76b,0.7071222629516374,upload.webm · c5cd93ed,0.6951201374559011
e67deea6f112,upload.webm · e67deea6,upload.webm · c1815547,0.5886940679016051,upload.webm · b4b7ce27,0.4558327629391809
e8314e2d9fd3,upload.webm · e8314e2d,upload.webm · 2c9d61eb,0.7598315341730157,upload.webm · d87efe3c,0.7447256933742458
e8b8aa373520,upload.wav · e8b8aa37,upload.webm · c01fc220,0.9999501343122433,upload.wav · 7b8c45cd,0.9998424680567862
ec93548d279f,옥탑방.m4a,거의동117.m4a,0.827217627965371,movie.m4a,0.7462306860870719
ed401e191813,upload.webm · ed401e19,upload.webm · d399575e,0.5990768511933167,upload.webm · b960707a,0.5299092911288223
ee4a74e09cc1,upload.webm · ee4a74e0,upload.webm · f17b7f4f,0.6018899572694878,upload.webm · 5662e809,0.5786498704398368
f17b7f4ff446,upload.webm · f17b7f4f,호흡많고헤드.m4a,0.6580907694332244,I'llneverloveagain.m4a,0.6569085744694304
f19129f7b4dc,upload.webm · f19129f7,upload.webm · b9ff5bf0,0.7000041145437997,upload.webm · d399575e,0.5906376826888047
fadd83f6eb33,가없너.m4a,기모그.m4a,0.6294508080994798,I'llneverloveagain.m4a,0.5583680577172965
