audio_id,concern_a,concern_b,primary_focus,protocol_id,audit_status,finding_codes
00ae450b11f1,HIGH_NOTE_CANNOT_REACH,HIGH_NOTE_TOO_EFFORTFUL,EFFORT,EFFORT,PASS,
00ae450b11f1,HIGH_NOTE_CANNOT_REACH,HIGH_NOTE_FLIPS,EFFORT,EFFORT,PASS,
00ae450b11f1,HIGH_NOTE_CANNOT_REACH,HIGH_NOTE_THINS,EFFORT,EFFORT,PASS,
00ae450b11f1,HIGH_NOTE_CANNOT_REACH,HIGH_NOTE_UNSTABLE,EFFORT,EFFORT,PASS,
00ae450b11f1,HIGH_NOTE_CANNOT_REACH,THROAT_EFFORT,EFFORT,EFFORT,PASS,
00ae450b11f1,HIGH_NOTE_CANNOT_REACH,LOUD_VOICE_DIFFICULT,EFFORT,EFFORT,PASS,
00ae450b11f1,HIGH_NOTE_CANNOT_REACH,VOCAL_FATIGUE,EFFORT,EFFORT,PASS,
00ae450b11f1,HIGH_NOTE_CANNOT_REACH,AFTER_SINGING_FATIGUE,EFFORT,EFFORT,PASS,
00ae450b11f1,HIGH_NOTE_CANNOT_REACH,TIMBRE_DISSATISFIED,EFFORT,EFFORT,PASS,
00ae450b11f1,HIGH_NOTE_CANNOT_REACH,VOICE_TOO_THIN,EFFORT,EFFORT,PASS,
00ae450b11f1,HIGH_NOTE_CANNOT_REACH,VOICE_TOO_DARK_MUFFLED,EFFORT,EFFORT,PASS,
00ae450b11f1,HIGH_NOTE_CANNOT_REACH,VOICE_TOO_NASAL_PERCEPT,EFFORT,EFFORT,PASS,
00ae450b11f1,HIGH_NOTE_CANNOT_REACH,VOICE_TOO_BREATHY,EFFORT,EFFORT,PASS,
00ae450b11f1,HIGH_NOTE_CANNOT_REACH,VOICE_TOO_SHARP,EFFORT,EFFORT,PASS,
00ae450b11f1,HIGH_NOTE_CANNOT_REACH,VOICE_ROUGH,EFFORT,EFFORT,PASS,
00ae450b11f1,HIGH_NOTE_CANNOT_REACH,TIMBRE_CHANGES_HIGH,EFFORT,EFFORT,PASS,
00ae450b11f1,HIGH_NOTE_CANNOT_REACH,PITCH_UNSTABLE,EFFORT,EFFORT,PASS,
00ae450b11f1,HIGH_NOTE_CANNOT_REACH,REGISTER_CONNECTION_DIFFICULT,EFFORT,EFFORT,PASS,
00ae450b11f1,HIGH_NOTE_CANNOT_REACH,VIBRATO_UNSTABLE,EFFORT,EFFORT,PASS,
00ae450b11f1,HIGH_NOTE_CANNOT_REACH,DYNAMICS_DIFFICULT,EFFORT,EFFORT,PASS,
00ae450b11f1,HIGH_NOTE_CANNOT_REACH,PHRASE_END_WEAK,EFFORT,EFFORT,PASS,
00ae450b11f1,HIGH_NOTE_CANNOT_REACH,PAIN_WHILE_SINGING,SAFETY,SAFETY,PASS,
00ae450b11f1,HIGH_NOTE_CANNOT_REACH,PAIN_AFTER_SINGING,SAFETY,SAFETY,PASS,
00ae450b11f1,HIGH_NOTE_CANNOT_REACH,SPEAKING_DISCOMFORT,SAFETY,SAFETY,PASS,
00ae450b11f1,HIGH_NOTE_CANNOT_REACH,PERSISTENT_HOARSENESS,SAFETY,SAFETY,PASS,
00ae450b11f1,HIGH_NOTE_CANNOT_REACH,OTHER_CONCERN,EFFORT,EFFORT,PASS,
00ae450b11f1,HIGH_NOTE_TOO_EFFORTFUL,HIGH_NOTE_FLIPS,EFFORT,EFFORT,PASS,
00ae450b11f1,HIGH_NOTE_TOO_EFFORTFUL,HIGH_NOTE_THINS,EFFORT,EFFORT,PASS,
00ae450b11f1,HIGH_NOTE_TOO_EFFORTFUL,HIGH_NOTE_UNSTABLE,EFFORT,EFFORT,PASS,
00ae450b11f1,HIGH_NOTE_TOO_EFFORTFUL,THROAT_EFFORT,EFFORT,EFFORT,PASS,
00ae450b11f1,HIGH_NOTE_TOO_EFFORTFUL,LOUD_VOICE_DIFFICULT,EFFORT,EFFORT,PASS,
00ae450b11f1,HIGH_NOTE_TOO_EFFORTFUL,VOCAL_FATIGUE,EFFORT,EFFORT,PASS,
00ae450b11f1,HIGH_NOTE_TOO_EFFORTFUL,AFTER_SINGING_FATIGUE,EFFORT,EFFORT,PASS,
00ae450b11f1,HIGH_NOTE_TOO_EFFORTFUL,TIMBRE_DISSATISFIED,EFFORT,EFFORT,PASS,
00ae450b11f1,HIGH_NOTE_TOO_EFFORTFUL,VOICE_TOO_THIN,EFFORT,EFFORT,PASS,
00ae450b11f1,HIGH_NOTE_TOO_EFFORTFUL,VOICE_TOO_DARK_MUFFLED,EFFORT,EFFORT,PASS,
00ae450b11f1,HIGH_NOTE_TOO_EFFORTFUL,VOICE_TOO_NASAL_PERCEPT,EFFORT,EFFORT,PASS,
00ae450b11f1,HIGH_NOTE_TOO_EFFORTFUL,VOICE_TOO_BREATHY,EFFORT,EFFORT,PASS,
00ae450b11f1,HIGH_NOTE_TOO_EFFORTFUL,VOICE_TOO_SHARP,EFFORT,EFFORT,PASS,
00ae450b11f1,HIGH_NOTE_TOO_EFFORTFUL,VOICE_ROUGH,EFFORT,EFFORT,PASS,
00ae450b11f1,HIGH_NOTE_TOO_EFFORTFUL,TIMBRE_CHANGES_HIGH,EFFORT,EFFORT,PASS,
00ae450b11f1,HIGH_NOTE_TOO_EFFORTFUL,PITCH_UNSTABLE,EFFORT,EFFORT,PASS,
00ae450b11f1,HIGH_NOTE_TOO_EFFORTFUL,REGISTER_CONNECTION_DIFFICULT,EFFORT,EFFORT,PASS,
00ae450b11f1,HIGH_NOTE_TOO_EFFORTFUL,VIBRATO_UNSTABLE,EFFORT,EFFORT,PASS,
00ae450b11f1,HIGH_NOTE_TOO_EFFORTFUL,DYNAMICS_DIFFICULT,EFFORT,EFFORT,PASS,
00ae450b11f1,HIGH_NOTE_TOO_EFFORTFUL,PHRASE_END_WEAK,EFFORT,EFFORT,PASS,
00ae450b11f1,HIGH_NOTE_TOO_EFFORTFUL,PAIN_WHILE_SINGING,SAFETY,SAFETY,PASS,
00ae450b11f1,HIGH_NOTE_TOO_EFFORTFUL,PAIN_AFTER_SINGING,SAFETY,SAFETY,PASS,
00ae450b11f1,HIGH_NOTE_TOO_EFFORTFUL,SPEAKING_DISCOMFORT,SAFETY,SAFETY,PASS,
00ae450b11f1,HIGH_NOTE_TOO_EFFORTFUL,PERSISTENT_HOARSENESS,SAFETY,SAFETY,PASS,
00ae450b11f1,HIGH_NOTE_TOO_EFFORTFUL,OTHER_CONCERN,EFFORT,EFFORT,PASS,
00ae450b11f1,HIGH_NOTE_FLIPS,HIGH_NOTE_THINS,REGISTER_CONNECTION,REGISTER_CONNECTION,PASS,
00ae450b11f1,HIGH_NOTE_FLIPS,HIGH_NOTE_UNSTABLE,EFFORT,EFFORT,PASS,
00ae450b11f1,HIGH_NOTE_FLIPS,THROAT_EFFORT,EFFORT,EFFORT,PASS,
00ae450b11f1,HIGH_NOTE_FLIPS,LOUD_VOICE_DIFFICULT,EFFORT,EFFORT,PASS,
00ae450b11f1,HIGH_NOTE_FLIPS,VOCAL_FATIGUE,EFFORT,EFFORT,PASS,
00ae450b11f1,HIGH_NOTE_FLIPS,AFTER_SINGING_FATIGUE,EFFORT,EFFORT,PASS,
00ae450b11f1,HIGH_NOTE_FLIPS,TIMBRE_DISSATISFIED,EFFORT,EFFORT,PASS,
00ae450b11f1,HIGH_NOTE_FLIPS,VOICE_TOO_THIN,REGISTER_CONNECTION,REGISTER_CONNECTION,PASS,
00ae450b11f1,HIGH_NOTE_FLIPS,VOICE_TOO_DARK_MUFFLED,EFFORT,EFFORT,PASS,
00ae450b11f1,HIGH_NOTE_FLIPS,VOICE_TOO_NASAL_PERCEPT,EFFORT,EFFORT,PASS,
00ae450b11f1,HIGH_NOTE_FLIPS,VOICE_TOO_BREATHY,REGISTER_CONNECTION,REGISTER_CONNECTION,PASS,
00ae450b11f1,HIGH_NOTE_FLIPS,VOICE_TOO_SHARP,REGISTER_CONNECTION,REGISTER_CONNECTION,PASS,
00ae450b11f1,HIGH_NOTE_FLIPS,VOICE_ROUGH,STABILITY,STABILITY,PASS,
00ae450b11f1,HIGH_NOTE_FLIPS,TIMBRE_CHANGES_HIGH,EFFORT,EFFORT,PASS,
00ae450b11f1,HIGH_NOTE_FLIPS,PITCH_UNSTABLE,EFFORT,EFFORT,PASS,
00ae450b11f1,HIGH_NOTE_FLIPS,REGISTER_CONNECTION_DIFFICULT,EFFORT,EFFORT,PASS,
00ae450b11f1,HIGH_NOTE_FLIPS,VIBRATO_UNSTABLE,EFFORT,EFFORT,PASS,
00ae450b11f1,HIGH_NOTE_FLIPS,DYNAMICS_DIFFICULT,DYNAMICS,DYNAMICS,PASS,
00ae450b11f1,HIGH_NOTE_FLIPS,PHRASE_END_WEAK,DYNAMICS,PHRASE_ENDURANCE,PASS,
00ae450b11f1,HIGH_NOTE_FLIPS,PAIN_WHILE_SINGING,SAFETY,SAFETY,PASS,
00ae450b11f1,HIGH_NOTE_FLIPS,PAIN_AFTER_SINGING,SAFETY,SAFETY,PASS,
00ae450b11f1,HIGH_NOTE_FLIPS,SPEAKING_DISCOMFORT,SAFETY,SAFETY,PASS,
00ae450b11f1,HIGH_NOTE_FLIPS,PERSISTENT_HOARSENESS,SAFETY,SAFETY,PASS,
00ae450b11f1,HIGH_NOTE_FLIPS,OTHER_CONCERN,REGISTER_CONNECTION,REGISTER_CONNECTION,PASS,
00ae450b11f1,HIGH_NOTE_THINS,HIGH_NOTE_UNSTABLE,EFFORT,EFFORT,FAIL,UNSUPPORTED_ACOUSTIC_CLAIM
00ae450b11f1,HIGH_NOTE_THINS,THROAT_EFFORT,EFFORT,EFFORT,FAIL,UNSUPPORTED_ACOUSTIC_CLAIM
00ae450b11f1,HIGH_NOTE_THINS,LOUD_VOICE_DIFFICULT,EFFORT,EFFORT,FAIL,UNSUPPORTED_ACOUSTIC_CLAIM
00ae450b11f1,HIGH_NOTE_THINS,VOCAL_FATIGUE,EFFORT,EFFORT,FAIL,UNSUPPORTED_ACOUSTIC_CLAIM
00ae450b11f1,HIGH_NOTE_THINS,AFTER_SINGING_FATIGUE,EFFORT,EFFORT,FAIL,UNSUPPORTED_ACOUSTIC_CLAIM
00ae450b11f1,HIGH_NOTE_THINS,TIMBRE_DISSATISFIED,EFFORT,EFFORT,FAIL,UNSUPPORTED_ACOUSTIC_CLAIM
00ae450b11f1,HIGH_NOTE_THINS,VOICE_TOO_THIN,EFFORT,EFFORT,FAIL,UNSUPPORTED_ACOUSTIC_CLAIM
00ae450b11f1,HIGH_NOTE_THINS,VOICE_TOO_DARK_MUFFLED,EFFORT,EFFORT,FAIL,UNSUPPORTED_ACOUSTIC_CLAIM
00ae450b11f1,HIGH_NOTE_THINS,VOICE_TOO_NASAL_PERCEPT,EFFORT,EFFORT,FAIL,UNSUPPORTED_ACOUSTIC_CLAIM
00ae450b11f1,HIGH_NOTE_THINS,VOICE_TOO_BREATHY,EFFORT,EFFORT,FAIL,UNSUPPORTED_ACOUSTIC_CLAIM
00ae450b11f1,HIGH_NOTE_THINS,VOICE_TOO_SHARP,EFFORT,EFFORT,FAIL,UNSUPPORTED_ACOUSTIC_CLAIM
00ae450b11f1,HIGH_NOTE_THINS,VOICE_ROUGH,STABILITY,STABILITY,FAIL,UNSUPPORTED_ACOUSTIC_CLAIM
00ae450b11f1,HIGH_NOTE_THINS,TIMBRE_CHANGES_HIGH,EFFORT,EFFORT,FAIL,UNSUPPORTED_ACOUSTIC_CLAIM
00ae450b11f1,HIGH_NOTE_THINS,PITCH_UNSTABLE,EFFORT,EFFORT,FAIL,UNSUPPORTED_ACOUSTIC_CLAIM
00ae450b11f1,HIGH_NOTE_THINS,REGISTER_CONNECTION_DIFFICULT,EFFORT,EFFORT,FAIL,UNSUPPORTED_ACOUSTIC_CLAIM
00ae450b11f1,HIGH_NOTE_THINS,VIBRATO_UNSTABLE,EFFORT,EFFORT,FAIL,UNSUPPORTED_ACOUSTIC_CLAIM
00ae450b11f1,HIGH_NOTE_THINS,DYNAMICS_DIFFICULT,DYNAMICS,DYNAMICS,FAIL,UNSUPPORTED_ACOUSTIC_CLAIM
00ae450b11f1,HIGH_NOTE_THINS,PHRASE_END_WEAK,DYNAMICS,PHRASE_ENDURANCE,FAIL,UNSUPPORTED_ACOUSTIC_CLAIM
00ae450b11f1,HIGH_NOTE_THINS,PAIN_WHILE_SINGING,SAFETY,SAFETY,FAIL,UNSUPPORTED_ACOUSTIC_CLAIM
00ae450b11f1,HIGH_NOTE_THINS,PAIN_AFTER_SINGING,SAFETY,SAFETY,FAIL,UNSUPPORTED_ACOUSTIC_CLAIM
00ae450b11f1,HIGH_NOTE_THINS,SPEAKING_DISCOMFORT,SAFETY,SAFETY,FAIL,UNSUPPORTED_ACOUSTIC_CLAIM
00ae450b11f1,HIGH_NOTE_THINS,PERSISTENT_HOARSENESS,SAFETY,SAFETY,FAIL,UNSUPPORTED_ACOUSTIC_CLAIM
00ae450b11f1,HIGH_NOTE_THINS,OTHER_CONCERN,EFFORT,EFFORT,FAIL,UNSUPPORTED_ACOUSTIC_CLAIM
00ae450b11f1,HIGH_NOTE_UNSTABLE,THROAT_EFFORT,EFFORT,EFFORT,PASS,
00ae450b11f1,HIGH_NOTE_UNSTABLE,LOUD_VOICE_DIFFICULT,EFFORT,EFFORT,PASS,
00ae450b11f1,HIGH_NOTE_UNSTABLE,VOCAL_FATIGUE,EFFORT,EFFORT,PASS,
00ae450b11f1,HIGH_NOTE_UNSTABLE,AFTER_SINGING_FATIGUE,EFFORT,EFFORT,PASS,
00ae450b11f1,HIGH_NOTE_UNSTABLE,TIMBRE_DISSATISFIED,EFFORT,EFFORT,PASS,
00ae450b11f1,HIGH_NOTE_UNSTABLE,VOICE_TOO_THIN,EFFORT,EFFORT,PASS,
00ae450b11f1,HIGH_NOTE_UNSTABLE,VOICE_TOO_DARK_MUFFLED,EFFORT,EFFORT,PASS,
00ae450b11f1,HIGH_NOTE_UNSTABLE,VOICE_TOO_NASAL_PERCEPT,EFFORT,EFFORT,PASS,
00ae450b11f1,HIGH_NOTE_UNSTABLE,VOICE_TOO_BREATHY,EFFORT,EFFORT,PASS,
00ae450b11f1,HIGH_NOTE_UNSTABLE,VOICE_TOO_SHARP,EFFORT,EFFORT,PASS,
00ae450b11f1,HIGH_NOTE_UNSTABLE,VOICE_ROUGH,EFFORT,EFFORT,PASS,
00ae450b11f1,HIGH_NOTE_UNSTABLE,TIMBRE_CHANGES_HIGH,EFFORT,EFFORT,PASS,
00ae450b11f1,HIGH_NOTE_UNSTABLE,PITCH_UNSTABLE,EFFORT,EFFORT,PASS,
00ae450b11f1,HIGH_NOTE_UNSTABLE,REGISTER_CONNECTION_DIFFICULT,EFFORT,EFFORT,PASS,
00ae450b11f1,HIGH_NOTE_UNSTABLE,VIBRATO_UNSTABLE,EFFORT,EFFORT,PASS,
00ae450b11f1,HIGH_NOTE_UNSTABLE,DYNAMICS_DIFFICULT,EFFORT,EFFORT,PASS,
00ae450b11f1,HIGH_NOTE_UNSTABLE,PHRASE_END_WEAK,EFFORT,EFFORT,PASS,
00ae450b11f1,HIGH_NOTE_UNSTABLE,PAIN_WHILE_SINGING,SAFETY,SAFETY,PASS,
00ae450b11f1,HIGH_NOTE_UNSTABLE,PAIN_AFTER_SINGING,SAFETY,SAFETY,PASS,
00ae450b11f1,HIGH_NOTE_UNSTABLE,SPEAKING_DISCOMFORT,SAFETY,SAFETY,PASS,
00ae450b11f1,HIGH_NOTE_UNSTABLE,PERSISTENT_HOARSENESS,SAFETY,SAFETY,PASS,
00ae450b11f1,HIGH_NOTE_UNSTABLE,OTHER_CONCERN,EFFORT,EFFORT,PASS,
00ae450b11f1,THROAT_EFFORT,LOUD_VOICE_DIFFICULT,EFFORT,EFFORT,PASS,
00ae450b11f1,THROAT_EFFORT,VOCAL_FATIGUE,EFFORT,EFFORT,PASS,
00ae450b11f1,THROAT_EFFORT,AFTER_SINGING_FATIGUE,EFFORT,EFFORT,PASS,
00ae450b11f1,THROAT_EFFORT,TIMBRE_DISSATISFIED,EFFORT,EFFORT,PASS,
00ae450b11f1,THROAT_EFFORT,VOICE_TOO_THIN,EFFORT,EFFORT,PASS,
00ae450b11f1,THROAT_EFFORT,VOICE_TOO_DARK_MUFFLED,EFFORT,EFFORT,PASS,
00ae450b11f1,THROAT_EFFORT,VOICE_TOO_NASAL_PERCEPT,EFFORT,EFFORT,PASS,
00ae450b11f1,THROAT_EFFORT,VOICE_TOO_BREATHY,EFFORT,EFFORT,PASS,
00ae450b11f1,THROAT_EFFORT,VOICE_TOO_SHARP,EFFORT,EFFORT,PASS,
00ae450b11f1,THROAT_EFFORT,VOICE_ROUGH,EFFORT,EFFORT,PASS,
00ae450b11f1,THROAT_EFFORT,TIMBRE_CHANGES_HIGH,EFFORT,EFFORT,PASS,
00ae450b11f1,THROAT_EFFORT,PITCH_UNSTABLE,EFFORT,EFFORT,PASS,
00ae450b11f1,THROAT_EFFORT,REGISTER_CONNECTION_DIFFICULT,EFFORT,EFFORT,PASS,
00ae450b11f1,THROAT_EFFORT,VIBRATO_UNSTABLE,EFFORT,EFFORT,PASS,
00ae450b11f1,THROAT_EFFORT,DYNAMICS_DIFFICULT,EFFORT,EFFORT,PASS,
00ae450b11f1,THROAT_EFFORT,PHRASE_END_WEAK,EFFORT,EFFORT,PASS,
00ae450b11f1,THROAT_EFFORT,PAIN_WHILE_SINGING,SAFETY,SAFETY,PASS,
00ae450b11f1,THROAT_EFFORT,PAIN_AFTER_SINGING,SAFETY,SAFETY,PASS,
00ae450b11f1,THROAT_EFFORT,SPEAKING_DISCOMFORT,SAFETY,SAFETY,PASS,
00ae450b11f1,THROAT_EFFORT,PERSISTENT_HOARSENESS,SAFETY,SAFETY,PASS,
00ae450b11f1,THROAT_EFFORT,OTHER_CONCERN,EFFORT,EFFORT,PASS,
00ae450b11f1,LOUD_VOICE_DIFFICULT,VOCAL_FATIGUE,EFFORT,EFFORT,PASS,
00ae450b11f1,LOUD_VOICE_DIFFICULT,AFTER_SINGING_FATIGUE,EFFORT,EFFORT,PASS,
00ae450b11f1,LOUD_VOICE_DIFFICULT,TIMBRE_DISSATISFIED,EFFORT,EFFORT,PASS,
00ae450b11f1,LOUD_VOICE_DIFFICULT,VOICE_TOO_THIN,EFFORT,EFFORT,PASS,
00ae450b11f1,LOUD_VOICE_DIFFICULT,VOICE_TOO_DARK_MUFFLED,EFFORT,EFFORT,PASS,
00ae450b11f1,LOUD_VOICE_DIFFICULT,VOICE_TOO_NASAL_PERCEPT,EFFORT,EFFORT,PASS,
00ae450b11f1,LOUD_VOICE_DIFFICULT,VOICE_TOO_BREATHY,EFFORT,EFFORT,PASS,
00ae450b11f1,LOUD_VOICE_DIFFICULT,VOICE_TOO_SHARP,EFFORT,EFFORT,PASS,
00ae450b11f1,LOUD_VOICE_DIFFICULT,VOICE_ROUGH,EFFORT,EFFORT,PASS,
00ae450b11f1,LOUD_VOICE_DIFFICULT,TIMBRE_CHANGES_HIGH,EFFORT,EFFORT,PASS,
00ae450b11f1,LOUD_VOICE_DIFFICULT,PITCH_UNSTABLE,EFFORT,EFFORT,PASS,
00ae450b11f1,LOUD_VOICE_DIFFICULT,REGISTER_CONNECTION_DIFFICULT,EFFORT,EFFORT,PASS,
00ae450b11f1,LOUD_VOICE_DIFFICULT,VIBRATO_UNSTABLE,EFFORT,EFFORT,PASS,
00ae450b11f1,LOUD_VOICE_DIFFICULT,DYNAMICS_DIFFICULT,EFFORT,EFFORT,PASS,
00ae450b11f1,LOUD_VOICE_DIFFICULT,PHRASE_END_WEAK,EFFORT,EFFORT,PASS,
00ae450b11f1,LOUD_VOICE_DIFFICULT,PAIN_WHILE_SINGING,SAFETY,SAFETY,PASS,
00ae450b11f1,LOUD_VOICE_DIFFICULT,PAIN_AFTER_SINGING,SAFETY,SAFETY,PASS,
00ae450b11f1,LOUD_VOICE_DIFFICULT,SPEAKING_DISCOMFORT,SAFETY,SAFETY,PASS,
00ae450b11f1,LOUD_VOICE_DIFFICULT,PERSISTENT_HOARSENESS,SAFETY,SAFETY,PASS,
00ae450b11f1,LOUD_VOICE_DIFFICULT,OTHER_CONCERN,EFFORT,EFFORT,PASS,
00ae450b11f1,VOCAL_FATIGUE,AFTER_SINGING_FATIGUE,EFFORT,EFFORT,PASS,
00ae450b11f1,VOCAL_FATIGUE,TIMBRE_DISSATISFIED,EFFORT,EFFORT,PASS,
00ae450b11f1,VOCAL_FATIGUE,VOICE_TOO_THIN,EFFORT,EFFORT,PASS,
00ae450b11f1,VOCAL_FATIGUE,VOICE_TOO_DARK_MUFFLED,EFFORT,EFFORT,PASS,
00ae450b11f1,VOCAL_FATIGUE,VOICE_TOO_NASAL_PERCEPT,EFFORT,EFFORT,PASS,
00ae450b11f1,VOCAL_FATIGUE,VOICE_TOO_BREATHY,EFFORT,EFFORT,PASS,
00ae450b11f1,VOCAL_FATIGUE,VOICE_TOO_SHARP,EFFORT,EFFORT,PASS,
00ae450b11f1,VOCAL_FATIGUE,VOICE_ROUGH,EFFORT,EFFORT,PASS,
00ae450b11f1,VOCAL_FATIGUE,TIMBRE_CHANGES_HIGH,EFFORT,EFFORT,PASS,
00ae450b11f1,VOCAL_FATIGUE,PITCH_UNSTABLE,EFFORT,EFFORT,PASS,
00ae450b11f1,VOCAL_FATIGUE,REGISTER_CONNECTION_DIFFICULT,EFFORT,EFFORT,PASS,
00ae450b11f1,VOCAL_FATIGUE,VIBRATO_UNSTABLE,EFFORT,EFFORT,PASS,
00ae450b11f1,VOCAL_FATIGUE,DYNAMICS_DIFFICULT,EFFORT,EFFORT,PASS,
00ae450b11f1,VOCAL_FATIGUE,PHRASE_END_WEAK,EFFORT,EFFORT,PASS,
00ae450b11f1,VOCAL_FATIGUE,PAIN_WHILE_SINGING,SAFETY,SAFETY,PASS,
00ae450b11f1,VOCAL_FATIGUE,PAIN_AFTER_SINGING,SAFETY,SAFETY,PASS,
00ae450b11f1,VOCAL_FATIGUE,SPEAKING_DISCOMFORT,SAFETY,SAFETY,PASS,
00ae450b11f1,VOCAL_FATIGUE,PERSISTENT_HOARSENESS,SAFETY,SAFETY,PASS,
00ae450b11f1,VOCAL_FATIGUE,OTHER_CONCERN,EFFORT,EFFORT,PASS,
00ae450b11f1,AFTER_SINGING_FATIGUE,TIMBRE_DISSATISFIED,EFFORT,EFFORT,PASS,
00ae450b11f1,AFTER_SINGING_FATIGUE,VOICE_TOO_THIN,EFFORT,EFFORT,PASS,
00ae450b11f1,AFTER_SINGING_FATIGUE,VOICE_TOO_DARK_MUFFLED,EFFORT,EFFORT,PASS,
00ae450b11f1,AFTER_SINGING_FATIGUE,VOICE_TOO_NASAL_PERCEPT,EFFORT,EFFORT,PASS,
00ae450b11f1,AFTER_SINGING_FATIGUE,VOICE_TOO_BREATHY,EFFORT,EFFORT,PASS,
00ae450b11f1,AFTER_SINGING_FATIGUE,VOICE_TOO_SHARP,EFFORT,EFFORT,PASS,
00ae450b11f1,AFTER_SINGING_FATIGUE,VOICE_ROUGH,EFFORT,EFFORT,PASS,
00ae450b11f1,AFTER_SINGING_FATIGUE,TIMBRE_CHANGES_HIGH,EFFORT,EFFORT,PASS,
00ae450b11f1,AFTER_SINGING_FATIGUE,PITCH_UNSTABLE,EFFORT,EFFORT,PASS,
00ae450b11f1,AFTER_SINGING_FATIGUE,REGISTER_CONNECTION_DIFFICULT,EFFORT,EFFORT,PASS,
00ae450b11f1,AFTER_SINGING_FATIGUE,VIBRATO_UNSTABLE,EFFORT,EFFORT,PASS,
00ae450b11f1,AFTER_SINGING_FATIGUE,DYNAMICS_DIFFICULT,EFFORT,EFFORT,PASS,
00ae450b11f1,AFTER_SINGING_FATIGUE,PHRASE_END_WEAK,EFFORT,EFFORT,PASS,
00ae450b11f1,AFTER_SINGING_FATIGUE,PAIN_WHILE_SINGING,SAFETY,SAFETY,PASS,
00ae450b11f1,AFTER_SINGING_FATIGUE,PAIN_AFTER_SINGING,SAFETY,SAFETY,PASS,
00ae450b11f1,AFTER_SINGING_FATIGUE,SPEAKING_DISCOMFORT,SAFETY,SAFETY,PASS,
00ae450b11f1,AFTER_SINGING_FATIGUE,PERSISTENT_HOARSENESS,SAFETY,SAFETY,PASS,
00ae450b11f1,AFTER_SINGING_FATIGUE,OTHER_CONCERN,EFFORT,EFFORT,PASS,
00ae450b11f1,TIMBRE_DISSATISFIED,VOICE_TOO_THIN,EFFORT,EFFORT,PASS,
00ae450b11f1,TIMBRE_DISSATISFIED,VOICE_TOO_DARK_MUFFLED,EFFORT,EFFORT,PASS,
00ae450b11f1,TIMBRE_DISSATISFIED,VOICE_TOO_NASAL_PERCEPT,EFFORT,EFFORT,PASS,
00ae450b11f1,TIMBRE_DISSATISFIED,VOICE_TOO_BREATHY,EFFORT,EFFORT,PASS,
00ae450b11f1,TIMBRE_DISSATISFIED,VOICE_TOO_SHARP,EFFORT,EFFORT,PASS,
00ae450b11f1,TIMBRE_DISSATISFIED,VOICE_ROUGH,EFFORT,EFFORT,PASS,
00ae450b11f1,TIMBRE_DISSATISFIED,TIMBRE_CHANGES_HIGH,EFFORT,EFFORT,PASS,
00ae450b11f1,TIMBRE_DISSATISFIED,PITCH_UNSTABLE,EFFORT,EFFORT,PASS,
00ae450b11f1,TIMBRE_DISSATISFIED,REGISTER_CONNECTION_DIFFICULT,EFFORT,EFFORT,PASS,
00ae450b11f1,TIMBRE_DISSATISFIED,VIBRATO_UNSTABLE,EFFORT,EFFORT,PASS,
00ae450b11f1,TIMBRE_DISSATISFIED,DYNAMICS_DIFFICULT,EFFORT,EFFORT,PASS,
00ae450b11f1,TIMBRE_DISSATISFIED,PHRASE_END_WEAK,EFFORT,EFFORT,PASS,
00ae450b11f1,TIMBRE_DISSATISFIED,PAIN_WHILE_SINGING,SAFETY,SAFETY,PASS,
00ae450b11f1,TIMBRE_DISSATISFIED,PAIN_AFTER_SINGING,SAFETY,SAFETY,PASS,
00ae450b11f1,TIMBRE_DISSATISFIED,SPEAKING_DISCOMFORT,SAFETY,SAFETY,PASS,
00ae450b11f1,TIMBRE_DISSATISFIED,PERSISTENT_HOARSENESS,SAFETY,SAFETY,PASS,
00ae450b11f1,TIMBRE_DISSATISFIED,OTHER_CONCERN,EFFORT,EFFORT,PASS,
00ae450b11f1,VOICE_TOO_THIN,VOICE_TOO_DARK_MUFFLED,EFFORT,EFFORT,FAIL,UNSUPPORTED_ACOUSTIC_CLAIM
00ae450b11f1,VOICE_TOO_THIN,VOICE_TOO_NASAL_PERCEPT,EFFORT,EFFORT,FAIL,UNSUPPORTED_ACOUSTIC_CLAIM
00ae450b11f1,VOICE_TOO_THIN,VOICE_TOO_BREATHY,EFFORT,EFFORT,FAIL,UNSUPPORTED_ACOUSTIC_CLAIM
00ae450b11f1,VOICE_TOO_THIN,VOICE_TOO_SHARP,EFFORT,EFFORT,FAIL,UNSUPPORTED_ACOUSTIC_CLAIM
00ae450b11f1,VOICE_TOO_THIN,VOICE_ROUGH,STABILITY,STABILITY,FAIL,UNSUPPORTED_ACOUSTIC_CLAIM
00ae450b11f1,VOICE_TOO_THIN,TIMBRE_CHANGES_HIGH,EFFORT,EFFORT,FAIL,UNSUPPORTED_ACOUSTIC_CLAIM
00ae450b11f1,VOICE_TOO_THIN,PITCH_UNSTABLE,EFFORT,EFFORT,FAIL,UNSUPPORTED_ACOUSTIC_CLAIM
00ae450b11f1,VOICE_TOO_THIN,REGISTER_CONNECTION_DIFFICULT,EFFORT,EFFORT,FAIL,UNSUPPORTED_ACOUSTIC_CLAIM
00ae450b11f1,VOICE_TOO_THIN,VIBRATO_UNSTABLE,EFFORT,EFFORT,FAIL,UNSUPPORTED_ACOUSTIC_CLAIM
00ae450b11f1,VOICE_TOO_THIN,DYNAMICS_DIFFICULT,DYNAMICS,DYNAMICS,FAIL,UNSUPPORTED_ACOUSTIC_CLAIM
00ae450b11f1,VOICE_TOO_THIN,PHRASE_END_WEAK,DYNAMICS,PHRASE_ENDURANCE,FAIL,UNSUPPORTED_ACOUSTIC_CLAIM
00ae450b11f1,VOICE_TOO_THIN,PAIN_WHILE_SINGING,SAFETY,SAFETY,FAIL,UNSUPPORTED_ACOUSTIC_CLAIM
00ae450b11f1,VOICE_TOO_THIN,PAIN_AFTER_SINGING,SAFETY,SAFETY,FAIL,UNSUPPORTED_ACOUSTIC_CLAIM
00ae450b11f1,VOICE_TOO_THIN,SPEAKING_DISCOMFORT,SAFETY,SAFETY,FAIL,UNSUPPORTED_ACOUSTIC_CLAIM
00ae450b11f1,VOICE_TOO_THIN,PERSISTENT_HOARSENESS,SAFETY,SAFETY,FAIL,UNSUPPORTED_ACOUSTIC_CLAIM
00ae450b11f1,VOICE_TOO_THIN,OTHER_CONCERN,EFFORT,EFFORT,FAIL,UNSUPPORTED_ACOUSTIC_CLAIM
00ae450b11f1,VOICE_TOO_DARK_MUFFLED,VOICE_TOO_NASAL_PERCEPT,EFFORT,EFFORT,PASS,
00ae450b11f1,VOICE_TOO_DARK_MUFFLED,VOICE_TOO_BREATHY,EFFORT,EFFORT,PASS,
00ae450b11f1,VOICE_TOO_DARK_MUFFLED,VOICE_TOO_SHARP,EFFORT,EFFORT,PASS,
00ae450b11f1,VOICE_TOO_DARK_MUFFLED,VOICE_ROUGH,EFFORT,EFFORT,PASS,
00ae450b11f1,VOICE_TOO_DARK_MUFFLED,TIMBRE_CHANGES_HIGH,EFFORT,EFFORT,PASS,
00ae450b11f1,VOICE_TOO_DARK_MUFFLED,PITCH_UNSTABLE,EFFORT,EFFORT,PASS,
00ae450b11f1,VOICE_TOO_DARK_MUFFLED,REGISTER_CONNECTION_DIFFICULT,EFFORT,EFFORT,PASS,
00ae450b11f1,VOICE_TOO_DARK_MUFFLED,VIBRATO_UNSTABLE,EFFORT,EFFORT,PASS,
00ae450b11f1,VOICE_TOO_DARK_MUFFLED,DYNAMICS_DIFFICULT,EFFORT,EFFORT,PASS,
00ae450b11f1,VOICE_TOO_DARK_MUFFLED,PHRASE_END_WEAK,EFFORT,EFFORT,PASS,
00ae450b11f1,VOICE_TOO_DARK_MUFFLED,PAIN_WHILE_SINGING,SAFETY,SAFETY,PASS,
00ae450b11f1,VOICE_TOO_DARK_MUFFLED,PAIN_AFTER_SINGING,SAFETY,SAFETY,PASS,
00ae450b11f1,VOICE_TOO_DARK_MUFFLED,SPEAKING_DISCOMFORT,SAFETY,SAFETY,PASS,
00ae450b11f1,VOICE_TOO_DARK_MUFFLED,PERSISTENT_HOARSENESS,SAFETY,SAFETY,PASS,
00ae450b11f1,VOICE_TOO_DARK_MUFFLED,OTHER_CONCERN,EFFORT,EFFORT,PASS,
00ae450b11f1,VOICE_TOO_NASAL_PERCEPT,VOICE_TOO_BREATHY,EFFORT,EFFORT,PASS,
00ae450b11f1,VOICE_TOO_NASAL_PERCEPT,VOICE_TOO_SHARP,EFFORT,EFFORT,PASS,
00ae450b11f1,VOICE_TOO_NASAL_PERCEPT,VOICE_ROUGH,STABILITY,STABILITY,PASS,
00ae450b11f1,VOICE_TOO_NASAL_PERCEPT,TIMBRE_CHANGES_HIGH,EFFORT,EFFORT,PASS,
00ae450b11f1,VOICE_TOO_NASAL_PERCEPT,PITCH_UNSTABLE,EFFORT,EFFORT,PASS,
00ae450b11f1,VOICE_TOO_NASAL_PERCEPT,REGISTER_CONNECTION_DIFFICULT,EFFORT,EFFORT,PASS,
00ae450b11f1,VOICE_TOO_NASAL_PERCEPT,VIBRATO_UNSTABLE,EFFORT,EFFORT,PASS,
00ae450b11f1,VOICE_TOO_NASAL_PERCEPT,DYNAMICS_DIFFICULT,DYNAMICS,DYNAMICS,PASS,
00ae450b11f1,VOICE_TOO_NASAL_PERCEPT,PHRASE_END_WEAK,DYNAMICS,PHRASE_ENDURANCE,PASS,
00ae450b11f1,VOICE_TOO_NASAL_PERCEPT,PAIN_WHILE_SINGING,SAFETY,SAFETY,PASS,
00ae450b11f1,VOICE_TOO_NASAL_PERCEPT,PAIN_AFTER_SINGING,SAFETY,SAFETY,PASS,
00ae450b11f1,VOICE_TOO_NASAL_PERCEPT,SPEAKING_DISCOMFORT,SAFETY,SAFETY,PASS,
00ae450b11f1,VOICE_TOO_NASAL_PERCEPT,PERSISTENT_HOARSENESS,SAFETY,SAFETY,PASS,
00ae450b11f1,VOICE_TOO_NASAL_PERCEPT,OTHER_CONCERN,EFFORT,EFFORT,PASS,
00ae450b11f1,VOICE_TOO_BREATHY,VOICE_TOO_SHARP,EFFORT,EFFORT,FAIL,UNSUPPORTED_ACOUSTIC_CLAIM
00ae450b11f1,VOICE_TOO_BREATHY,VOICE_ROUGH,STABILITY,STABILITY,FAIL,UNSUPPORTED_ACOUSTIC_CLAIM
00ae450b11f1,VOICE_TOO_BREATHY,TIMBRE_CHANGES_HIGH,EFFORT,EFFORT,FAIL,UNSUPPORTED_ACOUSTIC_CLAIM
00ae450b11f1,VOICE_TOO_BREATHY,PITCH_UNSTABLE,EFFORT,EFFORT,FAIL,UNSUPPORTED_ACOUSTIC_CLAIM
00ae450b11f1,VOICE_TOO_BREATHY,REGISTER_CONNECTION_DIFFICULT,EFFORT,EFFORT,FAIL,UNSUPPORTED_ACOUSTIC_CLAIM
00ae450b11f1,VOICE_TOO_BREATHY,VIBRATO_UNSTABLE,EFFORT,EFFORT,FAIL,UNSUPPORTED_ACOUSTIC_CLAIM
00ae450b11f1,VOICE_TOO_BREATHY,DYNAMICS_DIFFICULT,DYNAMICS,DYNAMICS,FAIL,UNSUPPORTED_ACOUSTIC_CLAIM
00ae450b11f1,VOICE_TOO_BREATHY,PHRASE_END_WEAK,DYNAMICS,PHRASE_ENDURANCE,FAIL,UNSUPPORTED_ACOUSTIC_CLAIM
00ae450b11f1,VOICE_TOO_BREATHY,PAIN_WHILE_SINGING,SAFETY,SAFETY,FAIL,UNSUPPORTED_ACOUSTIC_CLAIM
00ae450b11f1,VOICE_TOO_BREATHY,PAIN_AFTER_SINGING,SAFETY,SAFETY,FAIL,UNSUPPORTED_ACOUSTIC_CLAIM
00ae450b11f1,VOICE_TOO_BREATHY,SPEAKING_DISCOMFORT,SAFETY,SAFETY,FAIL,UNSUPPORTED_ACOUSTIC_CLAIM
00ae450b11f1,VOICE_TOO_BREATHY,PERSISTENT_HOARSENESS,SAFETY,SAFETY,FAIL,UNSUPPORTED_ACOUSTIC_CLAIM
00ae450b11f1,VOICE_TOO_BREATHY,OTHER_CONCERN,EFFORT,EFFORT,FAIL,UNSUPPORTED_ACOUSTIC_CLAIM
00ae450b11f1,VOICE_TOO_SHARP,VOICE_ROUGH,STABILITY,STABILITY,PASS,
00ae450b11f1,VOICE_TOO_SHARP,TIMBRE_CHANGES_HIGH,EFFORT,EFFORT,PASS,
00ae450b11f1,VOICE_TOO_SHARP,PITCH_UNSTABLE,EFFORT,EFFORT,PASS,
00ae450b11f1,VOICE_TOO_SHARP,REGISTER_CONNECTION_DIFFICULT,EFFORT,EFFORT,PASS,
00ae450b11f1,VOICE_TOO_SHARP,VIBRATO_UNSTABLE,EFFORT,EFFORT,PASS,
00ae450b11f1,VOICE_TOO_SHARP,DYNAMICS_DIFFICULT,DYNAMICS,DYNAMICS,PASS,
00ae450b11f1,VOICE_TOO_SHARP,PHRASE_END_WEAK,DYNAMICS,PHRASE_ENDURANCE,PASS,
00ae450b11f1,VOICE_TOO_SHARP,PAIN_WHILE_SINGING,SAFETY,SAFETY,PASS,
00ae450b11f1,VOICE_TOO_SHARP,PAIN_AFTER_SINGING,SAFETY,SAFETY,PASS,
00ae450b11f1,VOICE_TOO_SHARP,SPEAKING_DISCOMFORT,SAFETY,SAFETY,PASS,
00ae450b11f1,VOICE_TOO_SHARP,PERSISTENT_HOARSENESS,SAFETY,SAFETY,PASS,
00ae450b11f1,VOICE_TOO_SHARP,OTHER_CONCERN,EFFORT,EFFORT,PASS,
00ae450b11f1,VOICE_ROUGH,TIMBRE_CHANGES_HIGH,EFFORT,EFFORT,PASS,
00ae450b11f1,VOICE_ROUGH,PITCH_UNSTABLE,EFFORT,EFFORT,PASS,
00ae450b11f1,VOICE_ROUGH,REGISTER_CONNECTION_DIFFICULT,EFFORT,EFFORT,PASS,
00ae450b11f1,VOICE_ROUGH,VIBRATO_UNSTABLE,EFFORT,EFFORT,PASS,
00ae450b11f1,VOICE_ROUGH,DYNAMICS_DIFFICULT,DYNAMICS,DYNAMICS,PASS,
00ae450b11f1,VOICE_ROUGH,PHRASE_END_WEAK,DYNAMICS,PHRASE_ENDURANCE,PASS,
00ae450b11f1,VOICE_ROUGH,PAIN_WHILE_SINGING,SAFETY,SAFETY,PASS,
00ae450b11f1,VOICE_ROUGH,PAIN_AFTER_SINGING,SAFETY,SAFETY,PASS,
00ae450b11f1,VOICE_ROUGH,SPEAKING_DISCOMFORT,SAFETY,SAFETY,PASS,
00ae450b11f1,VOICE_ROUGH,PERSISTENT_HOARSENESS,SAFETY,SAFETY,PASS,
00ae450b11f1,VOICE_ROUGH,OTHER_CONCERN,STABILITY,STABILITY,PASS,
00ae450b11f1,TIMBRE_CHANGES_HIGH,PITCH_UNSTABLE,EFFORT,EFFORT,PASS,
00ae450b11f1,TIMBRE_CHANGES_HIGH,REGISTER_CONNECTION_DIFFICULT,EFFORT,EFFORT,PASS,
00ae450b11f1,TIMBRE_CHANGES_HIGH,VIBRATO_UNSTABLE,EFFORT,EFFORT,PASS,
00ae450b11f1,TIMBRE_CHANGES_HIGH,DYNAMICS_DIFFICULT,EFFORT,EFFORT,PASS,
00ae450b11f1,TIMBRE_CHANGES_HIGH,PHRASE_END_WEAK,EFFORT,EFFORT,PASS,
00ae450b11f1,TIMBRE_CHANGES_HIGH,PAIN_WHILE_SINGING,SAFETY,SAFETY,PASS,
00ae450b11f1,TIMBRE_CHANGES_HIGH,PAIN_AFTER_SINGING,SAFETY,SAFETY,PASS,
00ae450b11f1,TIMBRE_CHANGES_HIGH,SPEAKING_DISCOMFORT,SAFETY,SAFETY,PASS,
00ae450b11f1,TIMBRE_CHANGES_HIGH,PERSISTENT_HOARSENESS,SAFETY,SAFETY,PASS,
00ae450b11f1,TIMBRE_CHANGES_HIGH,OTHER_CONCERN,EFFORT,EFFORT,PASS,
00ae450b11f1,PITCH_UNSTABLE,REGISTER_CONNECTION_DIFFICULT,EFFORT,EFFORT,PASS,
00ae450b11f1,PITCH_UNSTABLE,VIBRATO_UNSTABLE,EFFORT,EFFORT,PASS,
00ae450b11f1,PITCH_UNSTABLE,DYNAMICS_DIFFICULT,EFFORT,EFFORT,PASS,
00ae450b11f1,PITCH_UNSTABLE,PHRASE_END_WEAK,EFFORT,EFFORT,PASS,
00ae450b11f1,PITCH_UNSTABLE,PAIN_WHILE_SINGING,SAFETY,SAFETY,PASS,
00ae450b11f1,PITCH_UNSTABLE,PAIN_AFTER_SINGING,SAFETY,SAFETY,PASS,
00ae450b11f1,PITCH_UNSTABLE,SPEAKING_DISCOMFORT,SAFETY,SAFETY,PASS,
00ae450b11f1,PITCH_UNSTABLE,PERSISTENT_HOARSENESS,SAFETY,SAFETY,PASS,
00ae450b11f1,PITCH_UNSTABLE,OTHER_CONCERN,EFFORT,EFFORT,PASS,
00ae450b11f1,REGISTER_CONNECTION_DIFFICULT,VIBRATO_UNSTABLE,EFFORT,EFFORT,PASS,
00ae450b11f1,REGISTER_CONNECTION_DIFFICULT,DYNAMICS_DIFFICULT,EFFORT,EFFORT,PASS,
00ae450b11f1,REGISTER_CONNECTION_DIFFICULT,PHRASE_END_WEAK,EFFORT,EFFORT,PASS,
00ae450b11f1,REGISTER_CONNECTION_DIFFICULT,PAIN_WHILE_SINGING,SAFETY,SAFETY,PASS,
00ae450b11f1,REGISTER_CONNECTION_DIFFICULT,PAIN_AFTER_SINGING,SAFETY,SAFETY,PASS,
00ae450b11f1,REGISTER_CONNECTION_DIFFICULT,SPEAKING_DISCOMFORT,SAFETY,SAFETY,PASS,
00ae450b11f1,REGISTER_CONNECTION_DIFFICULT,PERSISTENT_HOARSENESS,SAFETY,SAFETY,PASS,
00ae450b11f1,REGISTER_CONNECTION_DIFFICULT,OTHER_CONCERN,EFFORT,EFFORT,PASS,
00ae450b11f1,VIBRATO_UNSTABLE,DYNAMICS_DIFFICULT,EFFORT,EFFORT,PASS,
00ae450b11f1,VIBRATO_UNSTABLE,PHRASE_END_WEAK,EFFORT,EFFORT,PASS,
00ae450b11f1,VIBRATO_UNSTABLE,PAIN_WHILE_SINGING,SAFETY,SAFETY,PASS,
00ae450b11f1,VIBRATO_UNSTABLE,PAIN_AFTER_SINGING,SAFETY,SAFETY,PASS,
00ae450b11f1,VIBRATO_UNSTABLE,SPEAKING_DISCOMFORT,SAFETY,SAFETY,PASS,
00ae450b11f1,VIBRATO_UNSTABLE,PERSISTENT_HOARSENESS,SAFETY,SAFETY,PASS,
00ae450b11f1,VIBRATO_UNSTABLE,OTHER_CONCERN,EFFORT,EFFORT,PASS,
00ae450b11f1,DYNAMICS_DIFFICULT,PHRASE_END_WEAK,DYNAMICS,PHRASE_ENDURANCE,PASS,
00ae450b11f1,DYNAMICS_DIFFICULT,PAIN_WHILE_SINGING,SAFETY,SAFETY,PASS,
00ae450b11f1,DYNAMICS_DIFFICULT,PAIN_AFTER_SINGING,SAFETY,SAFETY,PASS,
00ae450b11f1,DYNAMICS_DIFFICULT,SPEAKING_DISCOMFORT,SAFETY,SAFETY,PASS,
00ae450b11f1,DYNAMICS_DIFFICULT,PERSISTENT_HOARSENESS,SAFETY,SAFETY,PASS,
00ae450b11f1,DYNAMICS_DIFFICULT,OTHER_CONCERN,DYNAMICS,DYNAMICS,PASS,
00ae450b11f1,PHRASE_END_WEAK,PAIN_WHILE_SINGING,SAFETY,SAFETY,PASS,
00ae450b11f1,PHRASE_END_WEAK,PAIN_AFTER_SINGING,SAFETY,SAFETY,PASS,
00ae450b11f1,PHRASE_END_WEAK,SPEAKING_DISCOMFORT,SAFETY,SAFETY,PASS,
00ae450b11f1,PHRASE_END_WEAK,PERSISTENT_HOARSENESS,SAFETY,SAFETY,PASS,
00ae450b11f1,PHRASE_END_WEAK,OTHER_CONCERN,DYNAMICS,PHRASE_ENDURANCE,PASS,
00ae450b11f1,PAIN_WHILE_SINGING,PAIN_AFTER_SINGING,SAFETY,SAFETY,PASS,
00ae450b11f1,PAIN_WHILE_SINGING,SPEAKING_DISCOMFORT,SAFETY,SAFETY,PASS,
00ae450b11f1,PAIN_WHILE_SINGING,PERSISTENT_HOARSENESS,SAFETY,SAFETY,PASS,
00ae450b11f1,PAIN_WHILE_SINGING,OTHER_CONCERN,SAFETY,SAFETY,PASS,
00ae450b11f1,PAIN_AFTER_SINGING,SPEAKING_DISCOMFORT,SAFETY,SAFETY,PASS,
00ae450b11f1,PAIN_AFTER_SINGING,PERSISTENT_HOARSENESS,SAFETY,SAFETY,PASS,
00ae450b11f1,PAIN_AFTER_SINGING,OTHER_CONCERN,SAFETY,SAFETY,PASS,
00ae450b11f1,SPEAKING_DISCOMFORT,PERSISTENT_HOARSENESS,SAFETY,SAFETY,PASS,
00ae450b11f1,SPEAKING_DISCOMFORT,OTHER_CONCERN,SAFETY,SAFETY,PASS,
00ae450b11f1,PERSISTENT_HOARSENESS,OTHER_CONCERN,SAFETY,SAFETY,PASS,
07564b6df5b9,HIGH_NOTE_CANNOT_REACH,HIGH_NOTE_TOO_EFFORTFUL,REGISTER_CONNECTION,REGISTER_CONNECTION,PASS,
07564b6df5b9,HIGH_NOTE_CANNOT_REACH,HIGH_NOTE_FLIPS,REGISTER_CONNECTION,REGISTER_CONNECTION,PASS,
07564b6df5b9,HIGH_NOTE_CANNOT_REACH,HIGH_NOTE_THINS,PRESENCE,PRESENCE,PASS,
07564b6df5b9,HIGH_NOTE_CANNOT_REACH,HIGH_NOTE_UNSTABLE,STABILITY,STABILITY,PASS,
07564b6df5b9,HIGH_NOTE_CANNOT_REACH,THROAT_EFFORT,REGISTER_CONNECTION,REGISTER_CONNECTION,PASS,
07564b6df5b9,HIGH_NOTE_CANNOT_REACH,LOUD_VOICE_DIFFICULT,REGISTER_CONNECTION,REGISTER_CONNECTION,PASS,
07564b6df5b9,HIGH_NOTE_CANNOT_REACH,VOCAL_FATIGUE,REGISTER_CONNECTION,REGISTER_CONNECTION,PASS,
07564b6df5b9,HIGH_NOTE_CANNOT_REACH,AFTER_SINGING_FATIGUE,EFFORT,MAINTAIN,PASS,
07564b6df5b9,HIGH_NOTE_CANNOT_REACH,TIMBRE_DISSATISFIED,TIMBRE,TIMBRE_STYLE,PASS,
07564b6df5b9,HIGH_NOTE_CANNOT_REACH,VOICE_TOO_THIN,PRESENCE,PRESENCE,PASS,
07564b6df5b9,HIGH_NOTE_CANNOT_REACH,VOICE_TOO_DARK_MUFFLED,BRIGHTNESS,TIMBRE_STYLE,PASS,
07564b6df5b9,HIGH_NOTE_CANNOT_REACH,VOICE_TOO_NASAL_PERCEPT,PRESENCE,PRESENCE,PASS,
07564b6df5b9,HIGH_NOTE_CANNOT_REACH,VOICE_TOO_BREATHY,REGISTER_CONNECTION,REGISTER_CONNECTION,PASS,
07564b6df5b9,HIGH_NOTE_CANNOT_REACH,VOICE_TOO_SHARP,REGISTER_CONNECTION,REGISTER_CONNECTION,PASS,
07564b6df5b9,HIGH_NOTE_CANNOT_REACH,VOICE_ROUGH,REGISTER_CONNECTION,REGISTER_CONNECTION,PASS,
07564b6df5b9,HIGH_NOTE_CANNOT_REACH,TIMBRE_CHANGES_HIGH,REGISTER_CONNECTION,REGISTER_CONNECTION,PASS,
07564b6df5b9,HIGH_NOTE_CANNOT_REACH,PITCH_UNSTABLE,STABILITY,STABILITY,PASS,
07564b6df5b9,HIGH_NOTE_CANNOT_REACH,REGISTER_CONNECTION_DIFFICULT,STABILITY,STABILITY,PASS,
07564b6df5b9,HIGH_NOTE_CANNOT_REACH,VIBRATO_UNSTABLE,STABILITY,VIBRATO_CONTROL,PASS,
07564b6df5b9,HIGH_NOTE_CANNOT_REACH,DYNAMICS_DIFFICULT,DYNAMICS,DYNAMICS,PASS,
07564b6df5b9,HIGH_NOTE_CANNOT_REACH,PHRASE_END_WEAK,DYNAMICS,PHRASE_ENDURANCE,PASS,
07564b6df5b9,HIGH_NOTE_CANNOT_REACH,PAIN_WHILE_SINGING,SAFETY,SAFETY,PASS,
07564b6df5b9,HIGH_NOTE_CANNOT_REACH,PAIN_AFTER_SINGING,SAFETY,SAFETY,PASS,
07564b6df5b9,HIGH_NOTE_CANNOT_REACH,SPEAKING_DISCOMFORT,SAFETY,SAFETY,PASS,
07564b6df5b9,HIGH_NOTE_CANNOT_REACH,PERSISTENT_HOARSENESS,SAFETY,SAFETY,PASS,
07564b6df5b9,HIGH_NOTE_CANNOT_REACH,OTHER_CONCERN,REGISTER_CONNECTION,REGISTER_CONNECTION,PASS,
07564b6df5b9,HIGH_NOTE_TOO_EFFORTFUL,HIGH_NOTE_FLIPS,REGISTER_CONNECTION,REGISTER_CONNECTION,PASS,
07564b6df5b9,HIGH_NOTE_TOO_EFFORTFUL,HIGH_NOTE_THINS,PRESENCE,PRESENCE,PASS,
07564b6df5b9,HIGH_NOTE_TOO_EFFORTFUL,HIGH_NOTE_UNSTABLE,STABILITY,STABILITY,PASS,
07564b6df5b9,HIGH_NOTE_TOO_EFFORTFUL,THROAT_EFFORT,REGISTER_CONNECTION,REGISTER_CONNECTION,PASS,
07564b6df5b9,HIGH_NOTE_TOO_EFFORTFUL,LOUD_VOICE_DIFFICULT,REGISTER_CONNECTION,REGISTER_CONNECTION,PASS,
07564b6df5b9,HIGH_NOTE_TOO_EFFORTFUL,VOCAL_FATIGUE,REGISTER_CONNECTION,REGISTER_CONNECTION,PASS,
07564b6df5b9,HIGH_NOTE_TOO_EFFORTFUL,AFTER_SINGING_FATIGUE,EFFORT,MAINTAIN,PASS,
07564b6df5b9,HIGH_NOTE_TOO_EFFORTFUL,TIMBRE_DISSATISFIED,TIMBRE,TIMBRE_STYLE,PASS,
07564b6df5b9,HIGH_NOTE_TOO_EFFORTFUL,VOICE_TOO_THIN,PRESENCE,PRESENCE,PASS,
07564b6df5b9,HIGH_NOTE_TOO_EFFORTFUL,VOICE_TOO_DARK_MUFFLED,BRIGHTNESS,TIMBRE_STYLE,PASS,
07564b6df5b9,HIGH_NOTE_TOO_EFFORTFUL,VOICE_TOO_NASAL_PERCEPT,PRESENCE,PRESENCE,PASS,
07564b6df5b9,HIGH_NOTE_TOO_EFFORTFUL,VOICE_TOO_BREATHY,REGISTER_CONNECTION,REGISTER_CONNECTION,PASS,
07564b6df5b9,HIGH_NOTE_TOO_EFFORTFUL,VOICE_TOO_SHARP,REGISTER_CONNECTION,REGISTER_CONNECTION,PASS,
07564b6df5b9,HIGH_NOTE_TOO_EFFORTFUL,VOICE_ROUGH,REGISTER_CONNECTION,REGISTER_CONNECTION,PASS,
07564b6df5b9,HIGH_NOTE_TOO_EFFORTFUL,TIMBRE_CHANGES_HIGH,REGISTER_CONNECTION,REGISTER_CONNECTION,PASS,
07564b6df5b9,HIGH_NOTE_TOO_EFFORTFUL,PITCH_UNSTABLE,STABILITY,STABILITY,PASS,
07564b6df5b9,HIGH_NOTE_TOO_EFFORTFUL,REGISTER_CONNECTION_DIFFICULT,STABILITY,STABILITY,PASS,
07564b6df5b9,HIGH_NOTE_TOO_EFFORTFUL,VIBRATO_UNSTABLE,STABILITY,VIBRATO_CONTROL,PASS,
07564b6df5b9,HIGH_NOTE_TOO_EFFORTFUL,DYNAMICS_DIFFICULT,DYNAMICS,DYNAMICS,PASS,
07564b6df5b9,HIGH_NOTE_TOO_EFFORTFUL,PHRASE_END_WEAK,DYNAMICS,PHRASE_ENDURANCE,PASS,
07564b6df5b9,HIGH_NOTE_TOO_EFFORTFUL,PAIN_WHILE_SINGING,SAFETY,SAFETY,PASS,
07564b6df5b9,HIGH_NOTE_TOO_EFFORTFUL,PAIN_AFTER_SINGING,SAFETY,SAFETY,PASS,
07564b6df5b9,HIGH_NOTE_TOO_EFFORTFUL,SPEAKING_DISCOMFORT,SAFETY,SAFETY,PASS,
07564b6df5b9,HIGH_NOTE_TOO_EFFORTFUL,PERSISTENT_HOARSENESS,SAFETY,SAFETY,PASS,
07564b6df5b9,HIGH_NOTE_TOO_EFFORTFUL,OTHER_CONCERN,REGISTER_CONNECTION,REGISTER_CONNECTION,PASS,
07564b6df5b9,HIGH_NOTE_FLIPS,HIGH_NOTE_THINS,PRESENCE,PRESENCE,PASS,
07564b6df5b9,HIGH_NOTE_FLIPS,HIGH_NOTE_UNSTABLE,STABILITY,STABILITY,PASS,
07564b6df5b9,HIGH_NOTE_FLIPS,THROAT_EFFORT,REGISTER_CONNECTION,REGISTER_CONNECTION,PASS,
07564b6df5b9,HIGH_NOTE_FLIPS,LOUD_VOICE_DIFFICULT,REGISTER_CONNECTION,REGISTER_CONNECTION,PASS,
07564b6df5b9,HIGH_NOTE_FLIPS,VOCAL_FATIGUE,REGISTER_CONNECTION,REGISTER_CONNECTION,PASS,
07564b6df5b9,HIGH_NOTE_FLIPS,AFTER_SINGING_FATIGUE,EFFORT,MAINTAIN,PASS,
07564b6df5b9,HIGH_NOTE_FLIPS,TIMBRE_DISSATISFIED,TIMBRE,TIMBRE_STYLE,FAIL,TARGET_OVERRIDES_BOTTLENECK
07564b6df5b9,HIGH_NOTE_FLIPS,VOICE_TOO_THIN,PRESENCE,PRESENCE,PASS,
07564b6df5b9,HIGH_NOTE_FLIPS,VOICE_TOO_DARK_MUFFLED,BRIGHTNESS,TIMBRE_STYLE,PASS,
07564b6df5b9,HIGH_NOTE_FLIPS,VOICE_TOO_NASAL_PERCEPT,PRESENCE,PRESENCE,PASS,
07564b6df5b9,HIGH_NOTE_FLIPS,VOICE_TOO_BREATHY,REGISTER_CONNECTION,REGISTER_CONNECTION,PASS,
07564b6df5b9,HIGH_NOTE_FLIPS,VOICE_TOO_SHARP,REGISTER_CONNECTION,REGISTER_CONNECTION,PASS,
07564b6df5b9,HIGH_NOTE_FLIPS,VOICE_ROUGH,REGISTER_CONNECTION,REGISTER_CONNECTION,PASS,
07564b6df5b9,HIGH_NOTE_FLIPS,TIMBRE_CHANGES_HIGH,REGISTER_CONNECTION,REGISTER_CONNECTION,PASS,
07564b6df5b9,HIGH_NOTE_FLIPS,PITCH_UNSTABLE,STABILITY,STABILITY,PASS,
07564b6df5b9,HIGH_NOTE_FLIPS,REGISTER_CONNECTION_DIFFICULT,STABILITY,STABILITY,PASS,
07564b6df5b9,HIGH_NOTE_FLIPS,VIBRATO_UNSTABLE,STABILITY,VIBRATO_CONTROL,PASS,
07564b6df5b9,HIGH_NOTE_FLIPS,DYNAMICS_DIFFICULT,DYNAMICS,DYNAMICS,PASS,
07564b6df5b9,HIGH_NOTE_FLIPS,PHRASE_END_WEAK,DYNAMICS,PHRASE_ENDURANCE,PASS,
07564b6df5b9,HIGH_NOTE_FLIPS,PAIN_WHILE_SINGING,SAFETY,SAFETY,PASS,
07564b6df5b9,HIGH_NOTE_FLIPS,PAIN_AFTER_SINGING,SAFETY,SAFETY,PASS,
07564b6df5b9,HIGH_NOTE_FLIPS,SPEAKING_DISCOMFORT,SAFETY,SAFETY,PASS,
07564b6df5b9,HIGH_NOTE_FLIPS,PERSISTENT_HOARSENESS,SAFETY,SAFETY,PASS,
07564b6df5b9,HIGH_NOTE_FLIPS,OTHER_CONCERN,REGISTER_CONNECTION,REGISTER_CONNECTION,PASS,
07564b6df5b9,HIGH_NOTE_THINS,HIGH_NOTE_UNSTABLE,PRESENCE,PRESENCE,FAIL,UNSUPPORTED_ACOUSTIC_CLAIM
07564b6df5b9,HIGH_NOTE_THINS,THROAT_EFFORT,PRESENCE,PRESENCE,FAIL,UNSUPPORTED_ACOUSTIC_CLAIM
07564b6df5b9,HIGH_NOTE_THINS,LOUD_VOICE_DIFFICULT,PRESENCE,PRESENCE,FAIL,UNSUPPORTED_ACOUSTIC_CLAIM
07564b6df5b9,HIGH_NOTE_THINS,VOCAL_FATIGUE,PRESENCE,PRESENCE,FAIL,UNSUPPORTED_ACOUSTIC_CLAIM
07564b6df5b9,HIGH_NOTE_THINS,AFTER_SINGING_FATIGUE,PRESENCE,PRESENCE,FAIL,UNSUPPORTED_ACOUSTIC_CLAIM
07564b6df5b9,HIGH_NOTE_THINS,TIMBRE_DISSATISFIED,TIMBRE,TIMBRE_STYLE,FAIL,UNSUPPORTED_ACOUSTIC_CLAIM
07564b6df5b9,HIGH_NOTE_THINS,VOICE_TOO_THIN,PRESENCE,PRESENCE,FAIL,UNSUPPORTED_ACOUSTIC_CLAIM
07564b6df5b9,HIGH_NOTE_THINS,VOICE_TOO_DARK_MUFFLED,BRIGHTNESS,TIMBRE_STYLE,FAIL,UNSUPPORTED_ACOUSTIC_CLAIM
07564b6df5b9,HIGH_NOTE_THINS,VOICE_TOO_NASAL_PERCEPT,PRESENCE,PRESENCE,FAIL,UNSUPPORTED_ACOUSTIC_CLAIM
07564b6df5b9,HIGH_NOTE_THINS,VOICE_TOO_BREATHY,PRESENCE,PRESENCE,FAIL,UNSUPPORTED_ACOUSTIC_CLAIM
07564b6df5b9,HIGH_NOTE_THINS,VOICE_TOO_SHARP,PRESENCE,PRESENCE,FAIL,UNSUPPORTED_ACOUSTIC_CLAIM
07564b6df5b9,HIGH_NOTE_THINS,VOICE_ROUGH,PRESENCE,PRESENCE,FAIL,UNSUPPORTED_ACOUSTIC_CLAIM
07564b6df5b9,HIGH_NOTE_THINS,TIMBRE_CHANGES_HIGH,PRESENCE,PRESENCE,FAIL,UNSUPPORTED_ACOUSTIC_CLAIM
07564b6df5b9,HIGH_NOTE_THINS,PITCH_UNSTABLE,PRESENCE,PRESENCE,FAIL,UNSUPPORTED_ACOUSTIC_CLAIM
07564b6df5b9,HIGH_NOTE_THINS,REGISTER_CONNECTION_DIFFICULT,PRESENCE,PRESENCE,FAIL,UNSUPPORTED_ACOUSTIC_CLAIM
07564b6df5b9,HIGH_NOTE_THINS,VIBRATO_UNSTABLE,PRESENCE,PRESENCE,FAIL,UNSUPPORTED_ACOUSTIC_CLAIM
07564b6df5b9,HIGH_NOTE_THINS,DYNAMICS_DIFFICULT,PRESENCE,PRESENCE,FAIL,UNSUPPORTED_ACOUSTIC_CLAIM
07564b6df5b9,HIGH_NOTE_THINS,PHRASE_END_WEAK,PRESENCE,PRESENCE,FAIL,UNSUPPORTED_ACOUSTIC_CLAIM
07564b6df5b9,HIGH_NOTE_THINS,PAIN_WHILE_SINGING,SAFETY,SAFETY,FAIL,UNSUPPORTED_ACOUSTIC_CLAIM
07564b6df5b9,HIGH_NOTE_THINS,PAIN_AFTER_SINGING,SAFETY,SAFETY,FAIL,UNSUPPORTED_ACOUSTIC_CLAIM
07564b6df5b9,HIGH_NOTE_THINS,SPEAKING_DISCOMFORT,SAFETY,SAFETY,FAIL,UNSUPPORTED_ACOUSTIC_CLAIM
07564b6df5b9,HIGH_NOTE_THINS,PERSISTENT_HOARSENESS,SAFETY,SAFETY,FAIL,UNSUPPORTED_ACOUSTIC_CLAIM
07564b6df5b9,HIGH_NOTE_THINS,OTHER_CONCERN,PRESENCE,PRESENCE,FAIL,UNSUPPORTED_ACOUSTIC_CLAIM
07564b6df5b9,HIGH_NOTE_UNSTABLE,THROAT_EFFORT,STABILITY,STABILITY,PASS,
07564b6df5b9,HIGH_NOTE_UNSTABLE,LOUD_VOICE_DIFFICULT,STABILITY,STABILITY,PASS,
07564b6df5b9,HIGH_NOTE_UNSTABLE,VOCAL_FATIGUE,STABILITY,STABILITY,PASS,
07564b6df5b9,HIGH_NOTE_UNSTABLE,AFTER_SINGING_FATIGUE,EFFORT,STABILITY,PASS,
07564b6df5b9,HIGH_NOTE_UNSTABLE,TIMBRE_DISSATISFIED,TIMBRE,TIMBRE_STYLE,PASS,
07564b6df5b9,HIGH_NOTE_UNSTABLE,VOICE_TOO_THIN,PRESENCE,PRESENCE,PASS,
07564b6df5b9,HIGH_NOTE_UNSTABLE,VOICE_TOO_DARK_MUFFLED,BRIGHTNESS,TIMBRE_STYLE,PASS,
07564b6df5b9,HIGH_NOTE_UNSTABLE,VOICE_TOO_NASAL_PERCEPT,PRESENCE,PRESENCE,PASS,
07564b6df5b9,HIGH_NOTE_UNSTABLE,VOICE_TOO_BREATHY,STABILITY,STABILITY,PASS,
07564b6df5b9,HIGH_NOTE_UNSTABLE,VOICE_TOO_SHARP,STABILITY,STABILITY,PASS,
07564b6df5b9,HIGH_NOTE_UNSTABLE,VOICE_ROUGH,STABILITY,STABILITY,PASS,
07564b6df5b9,HIGH_NOTE_UNSTABLE,TIMBRE_CHANGES_HIGH,REGISTER_CONNECTION,REGISTER_CONNECTION,PASS,
07564b6df5b9,HIGH_NOTE_UNSTABLE,PITCH_UNSTABLE,STABILITY,STABILITY,PASS,
07564b6df5b9,HIGH_NOTE_UNSTABLE,REGISTER_CONNECTION_DIFFICULT,STABILITY,STABILITY,PASS,
07564b6df5b9,HIGH_NOTE_UNSTABLE,VIBRATO_UNSTABLE,STABILITY,VIBRATO_CONTROL,PASS,
07564b6df5b9,HIGH_NOTE_UNSTABLE,DYNAMICS_DIFFICULT,DYNAMICS,DYNAMICS,PASS,
07564b6df5b9,HIGH_NOTE_UNSTABLE,PHRASE_END_WEAK,DYNAMICS,PHRASE_ENDURANCE,PASS,
07564b6df5b9,HIGH_NOTE_UNSTABLE,PAIN_WHILE_SINGING,SAFETY,SAFETY,PASS,
07564b6df5b9,HIGH_NOTE_UNSTABLE,PAIN_AFTER_SINGING,SAFETY,SAFETY,PASS,
07564b6df5b9,HIGH_NOTE_UNSTABLE,SPEAKING_DISCOMFORT,SAFETY,SAFETY,PASS,
07564b6df5b9,HIGH_NOTE_UNSTABLE,PERSISTENT_HOARSENESS,SAFETY,SAFETY,PASS,
07564b6df5b9,HIGH_NOTE_UNSTABLE,OTHER_CONCERN,STABILITY,STABILITY,PASS,
07564b6df5b9,THROAT_EFFORT,LOUD_VOICE_DIFFICULT,EFFORT,MAINTAIN,PASS,
07564b6df5b9,THROAT_EFFORT,VOCAL_FATIGUE,EFFORT,MAINTAIN,PASS,
07564b6df5b9,THROAT_EFFORT,AFTER_SINGING_FATIGUE,EFFORT,MAINTAIN,PASS,
07564b6df5b9,THROAT_EFFORT,TIMBRE_DISSATISFIED,TIMBRE,TIMBRE_STYLE,PASS,
07564b6df5b9,THROAT_EFFORT,VOICE_TOO_THIN,PRESENCE,PRESENCE,PASS,
07564b6df5b9,THROAT_EFFORT,VOICE_TOO_DARK_MUFFLED,BRIGHTNESS,TIMBRE_STYLE,PASS,
07564b6df5b9,THROAT_EFFORT,VOICE_TOO_NASAL_PERCEPT,PRESENCE,PRESENCE,PASS,
07564b6df5b9,THROAT_EFFORT,VOICE_TOO_BREATHY,MAINTAIN,MAINTAIN,PASS,
07564b6df5b9,THROAT_EFFORT,VOICE_TOO_SHARP,MAINTAIN,MAINTAIN,PASS,
07564b6df5b9,THROAT_EFFORT,VOICE_ROUGH,STABILITY,STABILITY,PASS,
07564b6df5b9,THROAT_EFFORT,TIMBRE_CHANGES_HIGH,REGISTER_CONNECTION,REGISTER_CONNECTION,PASS,
07564b6df5b9,THROAT_EFFORT,PITCH_UNSTABLE,STABILITY,STABILITY,PASS,
07564b6df5b9,THROAT_EFFORT,REGISTER_CONNECTION_DIFFICULT,STABILITY,STABILITY,PASS,
07564b6df5b9,THROAT_EFFORT,VIBRATO_UNSTABLE,STABILITY,VIBRATO_CONTROL,PASS,
07564b6df5b9,THROAT_EFFORT,DYNAMICS_DIFFICULT,DYNAMICS,DYNAMICS,PASS,
07564b6df5b9,THROAT_EFFORT,PHRASE_END_WEAK,DYNAMICS,PHRASE_ENDURANCE,PASS,
07564b6df5b9,THROAT_EFFORT,PAIN_WHILE_SINGING,SAFETY,SAFETY,PASS,
07564b6df5b9,THROAT_EFFORT,PAIN_AFTER_SINGING,SAFETY,SAFETY,PASS,
07564b6df5b9,THROAT_EFFORT,SPEAKING_DISCOMFORT,SAFETY,SAFETY,PASS,
07564b6df5b9,THROAT_EFFORT,PERSISTENT_HOARSENESS,SAFETY,SAFETY,PASS,
07564b6df5b9,THROAT_EFFORT,OTHER_CONCERN,MAINTAIN,MAINTAIN,PASS,
07564b6df5b9,LOUD_VOICE_DIFFICULT,VOCAL_FATIGUE,EFFORT,MAINTAIN,PASS,
07564b6df5b9,LOUD_VOICE_DIFFICULT,AFTER_SINGING_FATIGUE,EFFORT,MAINTAIN,PASS,
07564b6df5b9,LOUD_VOICE_DIFFICULT,TIMBRE_DISSATISFIED,TIMBRE,TIMBRE_STYLE,PASS,
07564b6df5b9,LOUD_VOICE_DIFFICULT,VOICE_TOO_THIN,PRESENCE,PRESENCE,PASS,
07564b6df5b9,LOUD_VOICE_DIFFICULT,VOICE_TOO_DARK_MUFFLED,BRIGHTNESS,TIMBRE_STYLE,PASS,
07564b6df5b9,LOUD_VOICE_DIFFICULT,VOICE_TOO_NASAL_PERCEPT,PRESENCE,PRESENCE,PASS,
07564b6df5b9,LOUD_VOICE_DIFFICULT,VOICE_TOO_BREATHY,MAINTAIN,MAINTAIN,PASS,
07564b6df5b9,LOUD_VOICE_DIFFICULT,VOICE_TOO_SHARP,MAINTAIN,MAINTAIN,PASS,
07564b6df5b9,LOUD_VOICE_DIFFICULT,VOICE_ROUGH,STABILITY,STABILITY,PASS,
07564b6df5b9,LOUD_VOICE_DIFFICULT,TIMBRE_CHANGES_HIGH,REGISTER_CONNECTION,REGISTER_CONNECTION,PASS,
07564b6df5b9,LOUD_VOICE_DIFFICULT,PITCH_UNSTABLE,STABILITY,STABILITY,PASS,
07564b6df5b9,LOUD_VOICE_DIFFICULT,REGISTER_CONNECTION_DIFFICULT,STABILITY,STABILITY,PASS,
07564b6df5b9,LOUD_VOICE_DIFFICULT,VIBRATO_UNSTABLE,STABILITY,VIBRATO_CONTROL,PASS,
07564b6df5b9,LOUD_VOICE_DIFFICULT,DYNAMICS_DIFFICULT,DYNAMICS,DYNAMICS,PASS,
07564b6df5b9,LOUD_VOICE_DIFFICULT,PHRASE_END_WEAK,DYNAMICS,PHRASE_ENDURANCE,PASS,
07564b6df5b9,LOUD_VOICE_DIFFICULT,PAIN_WHILE_SINGING,SAFETY,SAFETY,PASS,
07564b6df5b9,LOUD_VOICE_DIFFICULT,PAIN_AFTER_SINGING,SAFETY,SAFETY,PASS,
07564b6df5b9,LOUD_VOICE_DIFFICULT,SPEAKING_DISCOMFORT,SAFETY,SAFETY,PASS,
07564b6df5b9,LOUD_VOICE_DIFFICULT,PERSISTENT_HOARSENESS,SAFETY,SAFETY,PASS,
07564b6df5b9,LOUD_VOICE_DIFFICULT,OTHER_CONCERN,MAINTAIN,MAINTAIN,PASS,
07564b6df5b9,VOCAL_FATIGUE,AFTER_SINGING_FATIGUE,EFFORT,MAINTAIN,PASS,
07564b6df5b9,VOCAL_FATIGUE,TIMBRE_DISSATISFIED,TIMBRE,TIMBRE_STYLE,PASS,
07564b6df5b9,VOCAL_FATIGUE,VOICE_TOO_THIN,PRESENCE,PRESENCE,PASS,
07564b6df5b9,VOCAL_FATIGUE,VOICE_TOO_DARK_MUFFLED,BRIGHTNESS,TIMBRE_STYLE,PASS,
07564b6df5b9,VOCAL_FATIGUE,VOICE_TOO_NASAL_PERCEPT,PRESENCE,PRESENCE,PASS,
07564b6df5b9,VOCAL_FATIGUE,VOICE_TOO_BREATHY,MAINTAIN,MAINTAIN,PASS,
07564b6df5b9,VOCAL_FATIGUE,VOICE_TOO_SHARP,MAINTAIN,MAINTAIN,PASS,
07564b6df5b9,VOCAL_FATIGUE,VOICE_ROUGH,STABILITY,STABILITY,PASS,
07564b6df5b9,VOCAL_FATIGUE,TIMBRE_CHANGES_HIGH,REGISTER_CONNECTION,REGISTER_CONNECTION,PASS,
07564b6df5b9,VOCAL_FATIGUE,PITCH_UNSTABLE,STABILITY,STABILITY,PASS,
07564b6df5b9,VOCAL_FATIGUE,REGISTER_CONNECTION_DIFFICULT,STABILITY,STABILITY,PASS,
07564b6df5b9,VOCAL_FATIGUE,VIBRATO_UNSTABLE,STABILITY,VIBRATO_CONTROL,PASS,
07564b6df5b9,VOCAL_FATIGUE,DYNAMICS_DIFFICULT,DYNAMICS,DYNAMICS,PASS,
07564b6df5b9,VOCAL_FATIGUE,PHRASE_END_WEAK,DYNAMICS,PHRASE_ENDURANCE,PASS,
07564b6df5b9,VOCAL_FATIGUE,PAIN_WHILE_SINGING,SAFETY,SAFETY,PASS,
07564b6df5b9,VOCAL_FATIGUE,PAIN_AFTER_SINGING,SAFETY,SAFETY,PASS,
07564b6df5b9,VOCAL_FATIGUE,SPEAKING_DISCOMFORT,SAFETY,SAFETY,PASS,
07564b6df5b9,VOCAL_FATIGUE,PERSISTENT_HOARSENESS,SAFETY,SAFETY,PASS,
07564b6df5b9,VOCAL_FATIGUE,OTHER_CONCERN,MAINTAIN,MAINTAIN,PASS,
07564b6df5b9,AFTER_SINGING_FATIGUE,TIMBRE_DISSATISFIED,TIMBRE,TIMBRE_STYLE,PASS,
07564b6df5b9,AFTER_SINGING_FATIGUE,VOICE_TOO_THIN,PRESENCE,PRESENCE,PASS,
07564b6df5b9,AFTER_SINGING_FATIGUE,VOICE_TOO_DARK_MUFFLED,BRIGHTNESS,TIMBRE_STYLE,PASS,
07564b6df5b9,AFTER_SINGING_FATIGUE,VOICE_TOO_NASAL_PERCEPT,PRESENCE,PRESENCE,PASS,
07564b6df5b9,AFTER_SINGING_FATIGUE,VOICE_TOO_BREATHY,EFFORT,MAINTAIN,PASS,
07564b6df5b9,AFTER_SINGING_FATIGUE,VOICE_TOO_SHARP,EFFORT,MAINTAIN,PASS,
07564b6df5b9,AFTER_SINGING_FATIGUE,VOICE_ROUGH,EFFORT,MAINTAIN,PASS,
07564b6df5b9,AFTER_SINGING_FATIGUE,TIMBRE_CHANGES_HIGH,REGISTER_CONNECTION,REGISTER_CONNECTION,PASS,
07564b6df5b9,AFTER_SINGING_FATIGUE,PITCH_UNSTABLE,STABILITY,STABILITY,PASS,
07564b6df5b9,AFTER_SINGING_FATIGUE,REGISTER_CONNECTION_DIFFICULT,STABILITY,STABILITY,PASS,
07564b6df5b9,AFTER_SINGING_FATIGUE,VIBRATO_UNSTABLE,STABILITY,VIBRATO_CONTROL,PASS,
07564b6df5b9,AFTER_SINGING_FATIGUE,DYNAMICS_DIFFICULT,DYNAMICS,DYNAMICS,PASS,
07564b6df5b9,AFTER_SINGING_FATIGUE,PHRASE_END_WEAK,DYNAMICS,PHRASE_ENDURANCE,PASS,
07564b6df5b9,AFTER_SINGING_FATIGUE,PAIN_WHILE_SINGING,SAFETY,SAFETY,PASS,
07564b6df5b9,AFTER_SINGING_FATIGUE,PAIN_AFTER_SINGING,SAFETY,SAFETY,PASS,
07564b6df5b9,AFTER_SINGING_FATIGUE,SPEAKING_DISCOMFORT,SAFETY,SAFETY,PASS,
07564b6df5b9,AFTER_SINGING_FATIGUE,PERSISTENT_HOARSENESS,SAFETY,SAFETY,PASS,
07564b6df5b9,AFTER_SINGING_FATIGUE,OTHER_CONCERN,EFFORT,MAINTAIN,PASS,
07564b6df5b9,TIMBRE_DISSATISFIED,VOICE_TOO_THIN,PRESENCE,PRESENCE,PASS,
07564b6df5b9,TIMBRE_DISSATISFIED,VOICE_TOO_DARK_MUFFLED,BRIGHTNESS,TIMBRE_STYLE,PASS,
07564b6df5b9,TIMBRE_DISSATISFIED,VOICE_TOO_NASAL_PERCEPT,PRESENCE,PRESENCE,PASS,
07564b6df5b9,TIMBRE_DISSATISFIED,VOICE_TOO_BREATHY,TIMBRE,TIMBRE_STYLE,PASS,
07564b6df5b9,TIMBRE_DISSATISFIED,VOICE_TOO_SHARP,TIMBRE,TIMBRE_STYLE,PASS,
07564b6df5b9,TIMBRE_DISSATISFIED,VOICE_ROUGH,TIMBRE,TIMBRE_STYLE,PASS,
07564b6df5b9,TIMBRE_DISSATISFIED,TIMBRE_CHANGES_HIGH,TIMBRE,TIMBRE_STYLE,PASS,
07564b6df5b9,TIMBRE_DISSATISFIED,PITCH_UNSTABLE,TIMBRE,TIMBRE_STYLE,PASS,
07564b6df5b9,TIMBRE_DISSATISFIED,REGISTER_CONNECTION_DIFFICULT,TIMBRE,TIMBRE_STYLE,PASS,
07564b6df5b9,TIMBRE_DISSATISFIED,VIBRATO_UNSTABLE,TIMBRE,TIMBRE_STYLE,PASS,
07564b6df5b9,TIMBRE_DISSATISFIED,DYNAMICS_DIFFICULT,TIMBRE,TIMBRE_STYLE,PASS,
07564b6df5b9,TIMBRE_DISSATISFIED,PHRASE_END_WEAK,TIMBRE,TIMBRE_STYLE,PASS,
07564b6df5b9,TIMBRE_DISSATISFIED,PAIN_WHILE_SINGING,SAFETY,SAFETY,PASS,
07564b6df5b9,TIMBRE_DISSATISFIED,PAIN_AFTER_SINGING,SAFETY,SAFETY,PASS,
07564b6df5b9,TIMBRE_DISSATISFIED,SPEAKING_DISCOMFORT,SAFETY,SAFETY,PASS,
07564b6df5b9,TIMBRE_DISSATISFIED,PERSISTENT_HOARSENESS,SAFETY,SAFETY,PASS,
07564b6df5b9,TIMBRE_DISSATISFIED,OTHER_CONCERN,TIMBRE,TIMBRE_STYLE,PASS,
07564b6df5b9,VOICE_TOO_THIN,VOICE_TOO_DARK_MUFFLED,BRIGHTNESS,TIMBRE_STYLE,FAIL,UNSUPPORTED_ACOUSTIC_CLAIM
07564b6df5b9,VOICE_TOO_THIN,VOICE_TOO_NASAL_PERCEPT,PRESENCE,PRESENCE,FAIL,UNSUPPORTED_ACOUSTIC_CLAIM
07564b6df5b9,VOICE_TOO_THIN,VOICE_TOO_BREATHY,PRESENCE,PRESENCE,FAIL,UNSUPPORTED_ACOUSTIC_CLAIM
07564b6df5b9,VOICE_TOO_THIN,VOICE_TOO_SHARP,PRESENCE,PRESENCE,FAIL,UNSUPPORTED_ACOUSTIC_CLAIM
07564b6df5b9,VOICE_TOO_THIN,VOICE_ROUGH,PRESENCE,PRESENCE,FAIL,UNSUPPORTED_ACOUSTIC_CLAIM
07564b6df5b9,VOICE_TOO_THIN,TIMBRE_CHANGES_HIGH,PRESENCE,PRESENCE,FAIL,UNSUPPORTED_ACOUSTIC_CLAIM
07564b6df5b9,VOICE_TOO_THIN,PITCH_UNSTABLE,PRESENCE,PRESENCE,FAIL,UNSUPPORTED_ACOUSTIC_CLAIM
07564b6df5b9,VOICE_TOO_THIN,REGISTER_CONNECTION_DIFFICULT,PRESENCE,PRESENCE,FAIL,UNSUPPORTED_ACOUSTIC_CLAIM
07564b6df5b9,VOICE_TOO_THIN,VIBRATO_UNSTABLE,PRESENCE,PRESENCE,FAIL,UNSUPPORTED_ACOUSTIC_CLAIM
07564b6df5b9,VOICE_TOO_THIN,DYNAMICS_DIFFICULT,PRESENCE,PRESENCE,FAIL,UNSUPPORTED_ACOUSTIC_CLAIM
07564b6df5b9,VOICE_TOO_THIN,PHRASE_END_WEAK,PRESENCE,PRESENCE,FAIL,UNSUPPORTED_ACOUSTIC_CLAIM
07564b6df5b9,VOICE_TOO_THIN,PAIN_WHILE_SINGING,SAFETY,SAFETY,FAIL,UNSUPPORTED_ACOUSTIC_CLAIM
07564b6df5b9,VOICE_TOO_THIN,PAIN_AFTER_SINGING,SAFETY,SAFETY,FAIL,UNSUPPORTED_ACOUSTIC_CLAIM
07564b6df5b9,VOICE_TOO_THIN,SPEAKING_DISCOMFORT,SAFETY,SAFETY,FAIL,UNSUPPORTED_ACOUSTIC_CLAIM
07564b6df5b9,VOICE_TOO_THIN,PERSISTENT_HOARSENESS,SAFETY,SAFETY,FAIL,UNSUPPORTED_ACOUSTIC_CLAIM
07564b6df5b9,VOICE_TOO_THIN,OTHER_CONCERN,PRESENCE,PRESENCE,FAIL,UNSUPPORTED_ACOUSTIC_CLAIM
07564b6df5b9,VOICE_TOO_DARK_MUFFLED,VOICE_TOO_NASAL_PERCEPT,PRESENCE,PRESENCE,PASS,
07564b6df5b9,VOICE_TOO_DARK_MUFFLED,VOICE_TOO_BREATHY,BRIGHTNESS,TIMBRE_STYLE,PASS,
07564b6df5b9,VOICE_TOO_DARK_MUFFLED,VOICE_TOO_SHARP,BRIGHTNESS,TIMBRE_STYLE,PASS,
07564b6df5b9,VOICE_TOO_DARK_MUFFLED,VOICE_ROUGH,BRIGHTNESS,TIMBRE_STYLE,PASS,
07564b6df5b9,VOICE_TOO_DARK_MUFFLED,TIMBRE_CHANGES_HIGH,BRIGHTNESS,TIMBRE_STYLE,PASS,
07564b6df5b9,VOICE_TOO_DARK_MUFFLED,PITCH_UNSTABLE,BRIGHTNESS,TIMBRE_STYLE,PASS,
07564b6df5b9,VOICE_TOO_DARK_MUFFLED,REGISTER_CONNECTION_DIFFICULT,BRIGHTNESS,TIMBRE_STYLE,PASS,
07564b6df5b9,VOICE_TOO_DARK_MUFFLED,VIBRATO_UNSTABLE,BRIGHTNESS,TIMBRE_STYLE,PASS,
07564b6df5b9,VOICE_TOO_DARK_MUFFLED,DYNAMICS_DIFFICULT,BRIGHTNESS,TIMBRE_STYLE,PASS,
07564b6df5b9,VOICE_TOO_DARK_MUFFLED,PHRASE_END_WEAK,BRIGHTNESS,TIMBRE_STYLE,PASS,
07564b6df5b9,VOICE_TOO_DARK_MUFFLED,PAIN_WHILE_SINGING,SAFETY,SAFETY,PASS,
07564b6df5b9,VOICE_TOO_DARK_MUFFLED,PAIN_AFTER_SINGING,SAFETY,SAFETY,PASS,
07564b6df5b9,VOICE_TOO_DARK_MUFFLED,SPEAKING_DISCOMFORT,SAFETY,SAFETY,PASS,
07564b6df5b9,VOICE_TOO_DARK_MUFFLED,PERSISTENT_HOARSENESS,SAFETY,SAFETY,PASS,
07564b6df5b9,VOICE_TOO_DARK_MUFFLED,OTHER_CONCERN,BRIGHTNESS,TIMBRE_STYLE,PASS,
07564b6df5b9,VOICE_TOO_NASAL_PERCEPT,VOICE_TOO_BREATHY,PRESENCE,PRESENCE,PASS,
07564b6df5b9,VOICE_TOO_NASAL_PERCEPT,VOICE_TOO_SHARP,PRESENCE,PRESENCE,PASS,
07564b6df5b9,VOICE_TOO_NASAL_PERCEPT,VOICE_ROUGH,PRESENCE,PRESENCE,PASS,
07564b6df5b9,VOICE_TOO_NASAL_PERCEPT,TIMBRE_CHANGES_HIGH,PRESENCE,PRESENCE,PASS,
07564b6df5b9,VOICE_TOO_NASAL_PERCEPT,PITCH_UNSTABLE,PRESENCE,PRESENCE,PASS,
07564b6df5b9,VOICE_TOO_NASAL_PERCEPT,REGISTER_CONNECTION_DIFFICULT,PRESENCE,PRESENCE,PASS,
07564b6df5b9,VOICE_TOO_NASAL_PERCEPT,VIBRATO_UNSTABLE,PRESENCE,PRESENCE,PASS,
07564b6df5b9,VOICE_TOO_NASAL_PERCEPT,DYNAMICS_DIFFICULT,PRESENCE,PRESENCE,PASS,
07564b6df5b9,VOICE_TOO_NASAL_PERCEPT,PHRASE_END_WEAK,PRESENCE,PRESENCE,PASS,
07564b6df5b9,VOICE_TOO_NASAL_PERCEPT,PAIN_WHILE_SINGING,SAFETY,SAFETY,PASS,
07564b6df5b9,VOICE_TOO_NASAL_PERCEPT,PAIN_AFTER_SINGING,SAFETY,SAFETY,PASS,
07564b6df5b9,VOICE_TOO_NASAL_PERCEPT,SPEAKING_DISCOMFORT,SAFETY,SAFETY,PASS,
07564b6df5b9,VOICE_TOO_NASAL_PERCEPT,PERSISTENT_HOARSENESS,SAFETY,SAFETY,PASS,
07564b6df5b9,VOICE_TOO_NASAL_PERCEPT,OTHER_CONCERN,PRESENCE,PRESENCE,PASS,
07564b6df5b9,VOICE_TOO_BREATHY,VOICE_TOO_SHARP,MAINTAIN,MAINTAIN,FAIL,UNSUPPORTED_ACOUSTIC_CLAIM
07564b6df5b9,VOICE_TOO_BREATHY,VOICE_ROUGH,STABILITY,STABILITY,FAIL,UNSUPPORTED_ACOUSTIC_CLAIM
07564b6df5b9,VOICE_TOO_BREATHY,TIMBRE_CHANGES_HIGH,REGISTER_CONNECTION,REGISTER_CONNECTION,FAIL,UNSUPPORTED_ACOUSTIC_CLAIM
07564b6df5b9,VOICE_TOO_BREATHY,PITCH_UNSTABLE,STABILITY,STABILITY,FAIL,UNSUPPORTED_ACOUSTIC_CLAIM
07564b6df5b9,VOICE_TOO_BREATHY,REGISTER_CONNECTION_DIFFICULT,STABILITY,STABILITY,FAIL,UNSUPPORTED_ACOUSTIC_CLAIM
07564b6df5b9,VOICE_TOO_BREATHY,VIBRATO_UNSTABLE,STABILITY,VIBRATO_CONTROL,FAIL,UNSUPPORTED_ACOUSTIC_CLAIM
07564b6df5b9,VOICE_TOO_BREATHY,DYNAMICS_DIFFICULT,DYNAMICS,DYNAMICS,FAIL,UNSUPPORTED_ACOUSTIC_CLAIM
07564b6df5b9,VOICE_TOO_BREATHY,PHRASE_END_WEAK,DYNAMICS,PHRASE_ENDURANCE,FAIL,UNSUPPORTED_ACOUSTIC_CLAIM
07564b6df5b9,VOICE_TOO_BREATHY,PAIN_WHILE_SINGING,SAFETY,SAFETY,FAIL,UNSUPPORTED_ACOUSTIC_CLAIM
07564b6df5b9,VOICE_TOO_BREATHY,PAIN_AFTER_SINGING,SAFETY,SAFETY,FAIL,UNSUPPORTED_ACOUSTIC_CLAIM
07564b6df5b9,VOICE_TOO_BREATHY,SPEAKING_DISCOMFORT,SAFETY,SAFETY,FAIL,UNSUPPORTED_ACOUSTIC_CLAIM
07564b6df5b9,VOICE_TOO_BREATHY,PERSISTENT_HOARSENESS,SAFETY,SAFETY,FAIL,UNSUPPORTED_ACOUSTIC_CLAIM
07564b6df5b9,VOICE_TOO_BREATHY,OTHER_CONCERN,MAINTAIN,MAINTAIN,FAIL,UNSUPPORTED_ACOUSTIC_CLAIM
07564b6df5b9,VOICE_TOO_SHARP,VOICE_ROUGH,STABILITY,STABILITY,PASS,
07564b6df5b9,VOICE_TOO_SHARP,TIMBRE_CHANGES_HIGH,REGISTER_CONNECTION,REGISTER_CONNECTION,PASS,
07564b6df5b9,VOICE_TOO_SHARP,PITCH_UNSTABLE,STABILITY,STABILITY,PASS,
07564b6df5b9,VOICE_TOO_SHARP,REGISTER_CONNECTION_DIFFICULT,STABILITY,STABILITY,PASS,
07564b6df5b9,VOICE_TOO_SHARP,VIBRATO_UNSTABLE,STABILITY,VIBRATO_CONTROL,PASS,
07564b6df5b9,VOICE_TOO_SHARP,DYNAMICS_DIFFICULT,DYNAMICS,DYNAMICS,PASS,
07564b6df5b9,VOICE_TOO_SHARP,PHRASE_END_WEAK,DYNAMICS,PHRASE_ENDURANCE,PASS,
07564b6df5b9,VOICE_TOO_SHARP,PAIN_WHILE_SINGING,SAFETY,SAFETY,PASS,
07564b6df5b9,VOICE_TOO_SHARP,PAIN_AFTER_SINGING,SAFETY,SAFETY,PASS,
07564b6df5b9,VOICE_TOO_SHARP,SPEAKING_DISCOMFORT,SAFETY,SAFETY,PASS,
07564b6df5b9,VOICE_TOO_SHARP,PERSISTENT_HOARSENESS,SAFETY,SAFETY,PASS,
07564b6df5b9,VOICE_TOO_SHARP,OTHER_CONCERN,MAINTAIN,MAINTAIN,PASS,
07564b6df5b9,VOICE_ROUGH,TIMBRE_CHANGES_HIGH,REGISTER_CONNECTION,REGISTER_CONNECTION,PASS,
07564b6df5b9,VOICE_ROUGH,PITCH_UNSTABLE,STABILITY,STABILITY,PASS,
07564b6df5b9,VOICE_ROUGH,REGISTER_CONNECTION_DIFFICULT,STABILITY,STABILITY,PASS,
07564b6df5b9,VOICE_ROUGH,VIBRATO_UNSTABLE,STABILITY,VIBRATO_CONTROL,PASS,
07564b6df5b9,VOICE_ROUGH,DYNAMICS_DIFFICULT,DYNAMICS,DYNAMICS,PASS,
07564b6df5b9,VOICE_ROUGH,PHRASE_END_WEAK,DYNAMICS,PHRASE_ENDURANCE,PASS,
07564b6df5b9,VOICE_ROUGH,PAIN_WHILE_SINGING,SAFETY,SAFETY,PASS,
07564b6df5b9,VOICE_ROUGH,PAIN_AFTER_SINGING,SAFETY,SAFETY,PASS,
07564b6df5b9,VOICE_ROUGH,SPEAKING_DISCOMFORT,SAFETY,SAFETY,PASS,
07564b6df5b9,VOICE_ROUGH,PERSISTENT_HOARSENESS,SAFETY,SAFETY,PASS,
07564b6df5b9,VOICE_ROUGH,OTHER_CONCERN,MAINTAIN,MAINTAIN,PASS,
07564b6df5b9,TIMBRE_CHANGES_HIGH,PITCH_UNSTABLE,REGISTER_CONNECTION,REGISTER_CONNECTION,PASS,
07564b6df5b9,TIMBRE_CHANGES_HIGH,REGISTER_CONNECTION_DIFFICULT,REGISTER_CONNECTION,REGISTER_CONNECTION,PASS,
07564b6df5b9,TIMBRE_CHANGES_HIGH,VIBRATO_UNSTABLE,REGISTER_CONNECTION,REGISTER_CONNECTION,PASS,
07564b6df5b9,TIMBRE_CHANGES_HIGH,DYNAMICS_DIFFICULT,REGISTER_CONNECTION,REGISTER_CONNECTION,PASS,
07564b6df5b9,TIMBRE_CHANGES_HIGH,PHRASE_END_WEAK,REGISTER_CONNECTION,REGISTER_CONNECTION,PASS,
07564b6df5b9,TIMBRE_CHANGES_HIGH,PAIN_WHILE_SINGING,SAFETY,SAFETY,PASS,
07564b6df5b9,TIMBRE_CHANGES_HIGH,PAIN_AFTER_SINGING,SAFETY,SAFETY,PASS,
07564b6df5b9,TIMBRE_CHANGES_HIGH,SPEAKING_DISCOMFORT,SAFETY,SAFETY,PASS,
07564b6df5b9,TIMBRE_CHANGES_HIGH,PERSISTENT_HOARSENESS,SAFETY,SAFETY,PASS,
07564b6df5b9,TIMBRE_CHANGES_HIGH,OTHER_CONCERN,REGISTER_CONNECTION,REGISTER_CONNECTION,PASS,
07564b6df5b9,PITCH_UNSTABLE,REGISTER_CONNECTION_DIFFICULT,STABILITY,STABILITY,PASS,
07564b6df5b9,PITCH_UNSTABLE,VIBRATO_UNSTABLE,STABILITY,VIBRATO_CONTROL,PASS,
07564b6df5b9,PITCH_UNSTABLE,DYNAMICS_DIFFICULT,DYNAMICS,DYNAMICS,PASS,
07564b6df5b9,PITCH_UNSTABLE,PHRASE_END_WEAK,DYNAMICS,PHRASE_ENDURANCE,PASS,
07564b6df5b9,PITCH_UNSTABLE,PAIN_WHILE_SINGING,SAFETY,SAFETY,PASS,
07564b6df5b9,PITCH_UNSTABLE,PAIN_AFTER_SINGING,SAFETY,SAFETY,PASS,
07564b6df5b9,PITCH_UNSTABLE,SPEAKING_DISCOMFORT,SAFETY,SAFETY,PASS,
07564b6df5b9,PITCH_UNSTABLE,PERSISTENT_HOARSENESS,SAFETY,SAFETY,PASS,
07564b6df5b9,PITCH_UNSTABLE,OTHER_CONCERN,STABILITY,STABILITY,PASS,
07564b6df5b9,REGISTER_CONNECTION_DIFFICULT,VIBRATO_UNSTABLE,STABILITY,VIBRATO_CONTROL,PASS,
07564b6df5b9,REGISTER_CONNECTION_DIFFICULT,DYNAMICS_DIFFICULT,DYNAMICS,DYNAMICS,PASS,
07564b6df5b9,REGISTER_CONNECTION_DIFFICULT,PHRASE_END_WEAK,DYNAMICS,PHRASE_ENDURANCE,PASS,
07564b6df5b9,REGISTER_CONNECTION_DIFFICULT,PAIN_WHILE_SINGING,SAFETY,SAFETY,PASS,
07564b6df5b9,REGISTER_CONNECTION_DIFFICULT,PAIN_AFTER_SINGING,SAFETY,SAFETY,PASS,
07564b6df5b9,REGISTER_CONNECTION_DIFFICULT,SPEAKING_DISCOMFORT,SAFETY,SAFETY,PASS,
07564b6df5b9,REGISTER_CONNECTION_DIFFICULT,PERSISTENT_HOARSENESS,SAFETY,SAFETY,PASS,
07564b6df5b9,REGISTER_CONNECTION_DIFFICULT,OTHER_CONCERN,STABILITY,STABILITY,PASS,
07564b6df5b9,VIBRATO_UNSTABLE,DYNAMICS_DIFFICULT,DYNAMICS,DYNAMICS,PASS,
07564b6df5b9,VIBRATO_UNSTABLE,PHRASE_END_WEAK,DYNAMICS,PHRASE_ENDURANCE,PASS,
07564b6df5b9,VIBRATO_UNSTABLE,PAIN_WHILE_SINGING,SAFETY,SAFETY,PASS,
07564b6df5b9,VIBRATO_UNSTABLE,PAIN_AFTER_SINGING,SAFETY,SAFETY,PASS,
07564b6df5b9,VIBRATO_UNSTABLE,SPEAKING_DISCOMFORT,SAFETY,SAFETY,PASS,
07564b6df5b9,VIBRATO_UNSTABLE,PERSISTENT_HOARSENESS,SAFETY,SAFETY,PASS,
07564b6df5b9,VIBRATO_UNSTABLE,OTHER_CONCERN,STABILITY,VIBRATO_CONTROL,PASS,
07564b6df5b9,DYNAMICS_DIFFICULT,PHRASE_END_WEAK,DYNAMICS,PHRASE_ENDURANCE,PASS,
07564b6df5b9,DYNAMICS_DIFFICULT,PAIN_WHILE_SINGING,SAFETY,SAFETY,PASS,
07564b6df5b9,DYNAMICS_DIFFICULT,PAIN_AFTER_SINGING,SAFETY,SAFETY,PASS,
07564b6df5b9,DYNAMICS_DIFFICULT,SPEAKING_DISCOMFORT,SAFETY,SAFETY,PASS,
07564b6df5b9,DYNAMICS_DIFFICULT,PERSISTENT_HOARSENESS,SAFETY,SAFETY,PASS,
07564b6df5b9,DYNAMICS_DIFFICULT,OTHER_CONCERN,DYNAMICS,DYNAMICS,PASS,
07564b6df5b9,PHRASE_END_WEAK,PAIN_WHILE_SINGING,SAFETY,SAFETY,PASS,
07564b6df5b9,PHRASE_END_WEAK,PAIN_AFTER_SINGING,SAFETY,SAFETY,PASS,
07564b6df5b9,PHRASE_END_WEAK,SPEAKING_DISCOMFORT,SAFETY,SAFETY,PASS,
07564b6df5b9,PHRASE_END_WEAK,PERSISTENT_HOARSENESS,SAFETY,SAFETY,PASS,
07564b6df5b9,PHRASE_END_WEAK,OTHER_CONCERN,DYNAMICS,PHRASE_ENDURANCE,PASS,
07564b6df5b9,PAIN_WHILE_SINGING,PAIN_AFTER_SINGING,SAFETY,SAFETY,PASS,
07564b6df5b9,PAIN_WHILE_SINGING,SPEAKING_DISCOMFORT,SAFETY,SAFETY,PASS,
07564b6df5b9,PAIN_WHILE_SINGING,PERSISTENT_HOARSENESS,SAFETY,SAFETY,PASS,
07564b6df5b9,PAIN_WHILE_SINGING,OTHER_CONCERN,SAFETY,SAFETY,PASS,
07564b6df5b9,PAIN_AFTER_SINGING,SPEAKING_DISCOMFORT,SAFETY,SAFETY,PASS,
07564b6df5b9,PAIN_AFTER_SINGING,PERSISTENT_HOARSENESS,SAFETY,SAFETY,PASS,
07564b6df5b9,PAIN_AFTER_SINGING,OTHER_CONCERN,SAFETY,SAFETY,PASS,
07564b6df5b9,SPEAKING_DISCOMFORT,PERSISTENT_HOARSENESS,SAFETY,SAFETY,PASS,
07564b6df5b9,SPEAKING_DISCOMFORT,OTHER_CONCERN,SAFETY,SAFETY,PASS,
07564b6df5b9,PERSISTENT_HOARSENESS,OTHER_CONCERN,SAFETY,SAFETY,PASS,
0ada85fffc84,HIGH_NOTE_CANNOT_REACH,HIGH_NOTE_TOO_EFFORTFUL,REGISTER_CONNECTION,REGISTER_CONNECTION,PASS,
0ada85fffc84,HIGH_NOTE_CANNOT_REACH,HIGH_NOTE_FLIPS,REGISTER_CONNECTION,REGISTER_CONNECTION,PASS,
0ada85fffc84,HIGH_NOTE_CANNOT_REACH,HIGH_NOTE_THINS,REGISTER_CONNECTION,REGISTER_CONNECTION,PASS,
0ada85fffc84,HIGH_NOTE_CANNOT_REACH,HIGH_NOTE_UNSTABLE,STABILITY,STABILITY,PASS,
0ada85fffc84,HIGH_NOTE_CANNOT_REACH,THROAT_EFFORT,REGISTER_CONNECTION,REGISTER_CONNECTION,PASS,
0ada85fffc84,HIGH_NOTE_CANNOT_REACH,LOUD_VOICE_DIFFICULT,REGISTER_CONNECTION,REGISTER_CONNECTION,PASS,
0ada85fffc84,HIGH_NOTE_CANNOT_REACH,VOCAL_FATIGUE,REGISTER_CONNECTION,REGISTER_CONNECTION,PASS,
0ada85fffc84,HIGH_NOTE_CANNOT_REACH,AFTER_SINGING_FATIGUE,EFFORT,MAINTAIN,PASS,
0ada85fffc84,HIGH_NOTE_CANNOT_REACH,TIMBRE_DISSATISFIED,TIMBRE,TIMBRE_STYLE,PASS,
0ada85fffc84,HIGH_NOTE_CANNOT_REACH,VOICE_TOO_THIN,REGISTER_CONNECTION,REGISTER_CONNECTION,PASS,
0ada85fffc84,HIGH_NOTE_CANNOT_REACH,VOICE_TOO_DARK_MUFFLED,PRESENCE,PRESENCE,PASS,
0ada85fffc84,HIGH_NOTE_CANNOT_REACH,VOICE_TOO_NASAL_PERCEPT,TIMBRE,TIMBRE_STYLE,PASS,
0ada85fffc84,HIGH_NOTE_CANNOT_REACH,VOICE_TOO_BREATHY,REGISTER_CONNECTION,REGISTER_CONNECTION,PASS,
0ada85fffc84,HIGH_NOTE_CANNOT_REACH,VOICE_TOO_SHARP,TIMBRE,TIMBRE_STYLE,PASS,
0ada85fffc84,HIGH_NOTE_CANNOT_REACH,VOICE_ROUGH,STABILITY,STABILITY,PASS,
0ada85fffc84,HIGH_NOTE_CANNOT_REACH,TIMBRE_CHANGES_HIGH,REGISTER_CONNECTION,REGISTER_CONNECTION,PASS,
0ada85fffc84,HIGH_NOTE_CANNOT_REACH,PITCH_UNSTABLE,STABILITY,STABILITY,PASS,
0ada85fffc84,HIGH_NOTE_CANNOT_REACH,REGISTER_CONNECTION_DIFFICULT,STABILITY,STABILITY,PASS,
0ada85fffc84,HIGH_NOTE_CANNOT_REACH,VIBRATO_UNSTABLE,STABILITY,VIBRATO_CONTROL,PASS,
0ada85fffc84,HIGH_NOTE_CANNOT_REACH,DYNAMICS_DIFFICULT,DYNAMICS,DYNAMICS,PASS,
0ada85fffc84,HIGH_NOTE_CANNOT_REACH,PHRASE_END_WEAK,DYNAMICS,PHRASE_ENDURANCE,PASS,
0ada85fffc84,HIGH_NOTE_CANNOT_REACH,PAIN_WHILE_SINGING,SAFETY,SAFETY,PASS,
0ada85fffc84,HIGH_NOTE_CANNOT_REACH,PAIN_AFTER_SINGING,SAFETY,SAFETY,PASS,
0ada85fffc84,HIGH_NOTE_CANNOT_REACH,SPEAKING_DISCOMFORT,SAFETY,SAFETY,PASS,
0ada85fffc84,HIGH_NOTE_CANNOT_REACH,PERSISTENT_HOARSENESS,SAFETY,SAFETY,PASS,
0ada85fffc84,HIGH_NOTE_CANNOT_REACH,OTHER_CONCERN,REGISTER_CONNECTION,REGISTER_CONNECTION,PASS,
0ada85fffc84,HIGH_NOTE_TOO_EFFORTFUL,HIGH_NOTE_FLIPS,REGISTER_CONNECTION,REGISTER_CONNECTION,PASS,
0ada85fffc84,HIGH_NOTE_TOO_EFFORTFUL,HIGH_NOTE_THINS,REGISTER_CONNECTION,REGISTER_CONNECTION,PASS,
0ada85fffc84,HIGH_NOTE_TOO_EFFORTFUL,HIGH_NOTE_UNSTABLE,STABILITY,STABILITY,PASS,
0ada85fffc84,HIGH_NOTE_TOO_EFFORTFUL,THROAT_EFFORT,REGISTER_CONNECTION,REGISTER_CONNECTION,PASS,
0ada85fffc84,HIGH_NOTE_TOO_EFFORTFUL,LOUD_VOICE_DIFFICULT,REGISTER_CONNECTION,REGISTER_CONNECTION,PASS,
0ada85fffc84,HIGH_NOTE_TOO_EFFORTFUL,VOCAL_FATIGUE,REGISTER_CONNECTION,REGISTER_CONNECTION,PASS,
0ada85fffc84,HIGH_NOTE_TOO_EFFORTFUL,AFTER_SINGING_FATIGUE,EFFORT,MAINTAIN,PASS,
0ada85fffc84,HIGH_NOTE_TOO_EFFORTFUL,TIMBRE_DISSATISFIED,TIMBRE,TIMBRE_STYLE,PASS,
0ada85fffc84,HIGH_NOTE_TOO_EFFORTFUL,VOICE_TOO_THIN,REGISTER_CONNECTION,REGISTER_CONNECTION,PASS,
0ada85fffc84,HIGH_NOTE_TOO_EFFORTFUL,VOICE_TOO_DARK_MUFFLED,PRESENCE,PRESENCE,PASS,
0ada85fffc84,HIGH_NOTE_TOO_EFFORTFUL,VOICE_TOO_NASAL_PERCEPT,TIMBRE,TIMBRE_STYLE,PASS,
0ada85fffc84,HIGH_NOTE_TOO_EFFORTFUL,VOICE_TOO_BREATHY,REGISTER_CONNECTION,REGISTER_CONNECTION,PASS,
0ada85fffc84,HIGH_NOTE_TOO_EFFORTFUL,VOICE_TOO_SHARP,TIMBRE,TIMBRE_STYLE,PASS,
0ada85fffc84,HIGH_NOTE_TOO_EFFORTFUL,VOICE_ROUGH,STABILITY,STABILITY,PASS,
0ada85fffc84,HIGH_NOTE_TOO_EFFORTFUL,TIMBRE_CHANGES_HIGH,REGISTER_CONNECTION,REGISTER_CONNECTION,PASS,
0ada85fffc84,HIGH_NOTE_TOO_EFFORTFUL,PITCH_UNSTABLE,STABILITY,STABILITY,PASS,
0ada85fffc84,HIGH_NOTE_TOO_EFFORTFUL,REGISTER_CONNECTION_DIFFICULT,STABILITY,STABILITY,PASS,
0ada85fffc84,HIGH_NOTE_TOO_EFFORTFUL,VIBRATO_UNSTABLE,STABILITY,VIBRATO_CONTROL,PASS,
0ada85fffc84,HIGH_NOTE_TOO_EFFORTFUL,DYNAMICS_DIFFICULT,DYNAMICS,DYNAMICS,PASS,
0ada85fffc84,HIGH_NOTE_TOO_EFFORTFUL,PHRASE_END_WEAK,DYNAMICS,PHRASE_ENDURANCE,PASS,
0ada85fffc84,HIGH_NOTE_TOO_EFFORTFUL,PAIN_WHILE_SINGING,SAFETY,SAFETY,PASS,
0ada85fffc84,HIGH_NOTE_TOO_EFFORTFUL,PAIN_AFTER_SINGING,SAFETY,SAFETY,PASS,
0ada85fffc84,HIGH_NOTE_TOO_EFFORTFUL,SPEAKING_DISCOMFORT,SAFETY,SAFETY,PASS,
0ada85fffc84,HIGH_NOTE_TOO_EFFORTFUL,PERSISTENT_HOARSENESS,SAFETY,SAFETY,PASS,
0ada85fffc84,HIGH_NOTE_TOO_EFFORTFUL,OTHER_CONCERN,REGISTER_CONNECTION,REGISTER_CONNECTION,PASS,
0ada85fffc84,HIGH_NOTE_FLIPS,HIGH_NOTE_THINS,REGISTER_CONNECTION,REGISTER_CONNECTION,PASS,
0ada85fffc84,HIGH_NOTE_FLIPS,HIGH_NOTE_UNSTABLE,STABILITY,STABILITY,PASS,
0ada85fffc84,HIGH_NOTE_FLIPS,THROAT_EFFORT,REGISTER_CONNECTION,REGISTER_CONNECTION,PASS,
0ada85fffc84,HIGH_NOTE_FLIPS,LOUD_VOICE_DIFFICULT,REGISTER_CONNECTION,REGISTER_CONNECTION,PASS,
0ada85fffc84,HIGH_NOTE_FLIPS,VOCAL_FATIGUE,REGISTER_CONNECTION,REGISTER_CONNECTION,PASS,
0ada85fffc84,HIGH_NOTE_FLIPS,AFTER_SINGING_FATIGUE,EFFORT,MAINTAIN,PASS,
0ada85fffc84,HIGH_NOTE_FLIPS,TIMBRE_DISSATISFIED,TIMBRE,TIMBRE_STYLE,FAIL,TARGET_OVERRIDES_BOTTLENECK
0ada85fffc84,HIGH_NOTE_FLIPS,VOICE_TOO_THIN,REGISTER_CONNECTION,REGISTER_CONNECTION,PASS,
0ada85fffc84,HIGH_NOTE_FLIPS,VOICE_TOO_DARK_MUFFLED,PRESENCE,PRESENCE,PASS,
0ada85fffc84,HIGH_NOTE_FLIPS,VOICE_TOO_NASAL_PERCEPT,TIMBRE,TIMBRE_STYLE,PASS,
0ada85fffc84,HIGH_NOTE_FLIPS,VOICE_TOO_BREATHY,REGISTER_CONNECTION,REGISTER_CONNECTION,PASS,
0ada85fffc84,HIGH_NOTE_FLIPS,VOICE_TOO_SHARP,TIMBRE,TIMBRE_STYLE,PASS,
0ada85fffc84,HIGH_NOTE_FLIPS,VOICE_ROUGH,STABILITY,STABILITY,PASS,
0ada85fffc84,HIGH_NOTE_FLIPS,TIMBRE_CHANGES_HIGH,REGISTER_CONNECTION,REGISTER_CONNECTION,PASS,
0ada85fffc84,HIGH_NOTE_FLIPS,PITCH_UNSTABLE,STABILITY,STABILITY,PASS,
0ada85fffc84,HIGH_NOTE_FLIPS,REGISTER_CONNECTION_DIFFICULT,STABILITY,STABILITY,PASS,
0ada85fffc84,HIGH_NOTE_FLIPS,VIBRATO_UNSTABLE,STABILITY,VIBRATO_CONTROL,PASS,
0ada85fffc84,HIGH_NOTE_FLIPS,DYNAMICS_DIFFICULT,DYNAMICS,DYNAMICS,PASS,
0ada85fffc84,HIGH_NOTE_FLIPS,PHRASE_END_WEAK,DYNAMICS,PHRASE_ENDURANCE,PASS,
0ada85fffc84,HIGH_NOTE_FLIPS,PAIN_WHILE_SINGING,SAFETY,SAFETY,PASS,
0ada85fffc84,HIGH_NOTE_FLIPS,PAIN_AFTER_SINGING,SAFETY,SAFETY,PASS,
0ada85fffc84,HIGH_NOTE_FLIPS,SPEAKING_DISCOMFORT,SAFETY,SAFETY,PASS,
0ada85fffc84,HIGH_NOTE_FLIPS,PERSISTENT_HOARSENESS,SAFETY,SAFETY,PASS,
0ada85fffc84,HIGH_NOTE_FLIPS,OTHER_CONCERN,REGISTER_CONNECTION,REGISTER_CONNECTION,PASS,
0ada85fffc84,HIGH_NOTE_THINS,HIGH_NOTE_UNSTABLE,STABILITY,STABILITY,FAIL,UNSUPPORTED_ACOUSTIC_CLAIM
0ada85fffc84,HIGH_NOTE_THINS,THROAT_EFFORT,MAINTAIN,MAINTAIN,FAIL,UNSUPPORTED_ACOUSTIC_CLAIM
0ada85fffc84,HIGH_NOTE_THINS,LOUD_VOICE_DIFFICULT,MAINTAIN,MAINTAIN,FAIL,UNSUPPORTED_ACOUSTIC_CLAIM
0ada85fffc84,HIGH_NOTE_THINS,VOCAL_FATIGUE,MAINTAIN,MAINTAIN,FAIL,UNSUPPORTED_ACOUSTIC_CLAIM
0ada85fffc84,HIGH_NOTE_THINS,AFTER_SINGING_FATIGUE,EFFORT,MAINTAIN,FAIL,UNSUPPORTED_ACOUSTIC_CLAIM
0ada85fffc84,HIGH_NOTE_THINS,TIMBRE_DISSATISFIED,TIMBRE,TIMBRE_STYLE,FAIL,UNSUPPORTED_ACOUSTIC_CLAIM
0ada85fffc84,HIGH_NOTE_THINS,VOICE_TOO_THIN,MAINTAIN,MAINTAIN,FAIL,UNSUPPORTED_ACOUSTIC_CLAIM
0ada85fffc84,HIGH_NOTE_THINS,VOICE_TOO_DARK_MUFFLED,PRESENCE,PRESENCE,FAIL,UNSUPPORTED_ACOUSTIC_CLAIM
0ada85fffc84,HIGH_NOTE_THINS,VOICE_TOO_NASAL_PERCEPT,TIMBRE,TIMBRE_STYLE,FAIL,UNSUPPORTED_ACOUSTIC_CLAIM
0ada85fffc84,HIGH_NOTE_THINS,VOICE_TOO_BREATHY,MAINTAIN,MAINTAIN,FAIL,UNSUPPORTED_ACOUSTIC_CLAIM
0ada85fffc84,HIGH_NOTE_THINS,VOICE_TOO_SHARP,TIMBRE,TIMBRE_STYLE,FAIL,UNSUPPORTED_ACOUSTIC_CLAIM
0ada85fffc84,HIGH_NOTE_THINS,VOICE_ROUGH,STABILITY,STABILITY,FAIL,UNSUPPORTED_ACOUSTIC_CLAIM
0ada85fffc84,HIGH_NOTE_THINS,TIMBRE_CHANGES_HIGH,REGISTER_CONNECTION,REGISTER_CONNECTION,FAIL,UNSUPPORTED_ACOUSTIC_CLAIM
0ada85fffc84,HIGH_NOTE_THINS,PITCH_UNSTABLE,STABILITY,STABILITY,FAIL,UNSUPPORTED_ACOUSTIC_CLAIM
0ada85fffc84,HIGH_NOTE_THINS,REGISTER_CONNECTION_DIFFICULT,STABILITY,STABILITY,FAIL,UNSUPPORTED_ACOUSTIC_CLAIM
0ada85fffc84,HIGH_NOTE_THINS,VIBRATO_UNSTABLE,STABILITY,VIBRATO_CONTROL,FAIL,UNSUPPORTED_ACOUSTIC_CLAIM
0ada85fffc84,HIGH_NOTE_THINS,DYNAMICS_DIFFICULT,DYNAMICS,DYNAMICS,FAIL,UNSUPPORTED_ACOUSTIC_CLAIM
0ada85fffc84,HIGH_NOTE_THINS,PHRASE_END_WEAK,DYNAMICS,PHRASE_ENDURANCE,FAIL,UNSUPPORTED_ACOUSTIC_CLAIM
0ada85fffc84,HIGH_NOTE_THINS,PAIN_WHILE_SINGING,SAFETY,SAFETY,FAIL,UNSUPPORTED_ACOUSTIC_CLAIM
0ada85fffc84,HIGH_NOTE_THINS,PAIN_AFTER_SINGING,SAFETY,SAFETY,FAIL,UNSUPPORTED_ACOUSTIC_CLAIM
0ada85fffc84,HIGH_NOTE_THINS,SPEAKING_DISCOMFORT,SAFETY,SAFETY,FAIL,UNSUPPORTED_ACOUSTIC_CLAIM
0ada85fffc84,HIGH_NOTE_THINS,PERSISTENT_HOARSENESS,SAFETY,SAFETY,FAIL,UNSUPPORTED_ACOUSTIC_CLAIM
0ada85fffc84,HIGH_NOTE_THINS,OTHER_CONCERN,MAINTAIN,MAINTAIN,FAIL,UNSUPPORTED_ACOUSTIC_CLAIM
0ada85fffc84,HIGH_NOTE_UNSTABLE,THROAT_EFFORT,STABILITY,STABILITY,PASS,
0ada85fffc84,HIGH_NOTE_UNSTABLE,LOUD_VOICE_DIFFICULT,STABILITY,STABILITY,PASS,
0ada85fffc84,HIGH_NOTE_UNSTABLE,VOCAL_FATIGUE,STABILITY,STABILITY,PASS,
0ada85fffc84,HIGH_NOTE_UNSTABLE,AFTER_SINGING_FATIGUE,EFFORT,STABILITY,PASS,
0ada85fffc84,HIGH_NOTE_UNSTABLE,TIMBRE_DISSATISFIED,TIMBRE,TIMBRE_STYLE,PASS,
0ada85fffc84,HIGH_NOTE_UNSTABLE,VOICE_TOO_THIN,STABILITY,STABILITY,PASS,
0ada85fffc84,HIGH_NOTE_UNSTABLE,VOICE_TOO_DARK_MUFFLED,PRESENCE,PRESENCE,PASS,
0ada85fffc84,HIGH_NOTE_UNSTABLE,VOICE_TOO_NASAL_PERCEPT,TIMBRE,TIMBRE_STYLE,PASS,
0ada85fffc84,HIGH_NOTE_UNSTABLE,VOICE_TOO_BREATHY,STABILITY,STABILITY,PASS,
0ada85fffc84,HIGH_NOTE_UNSTABLE,VOICE_TOO_SHARP,TIMBRE,TIMBRE_STYLE,PASS,
0ada85fffc84,HIGH_NOTE_UNSTABLE,VOICE_ROUGH,STABILITY,STABILITY,PASS,
0ada85fffc84,HIGH_NOTE_UNSTABLE,TIMBRE_CHANGES_HIGH,REGISTER_CONNECTION,REGISTER_CONNECTION,PASS,
0ada85fffc84,HIGH_NOTE_UNSTABLE,PITCH_UNSTABLE,STABILITY,STABILITY,PASS,
0ada85fffc84,HIGH_NOTE_UNSTABLE,REGISTER_CONNECTION_DIFFICULT,STABILITY,STABILITY,PASS,
0ada85fffc84,HIGH_NOTE_UNSTABLE,VIBRATO_UNSTABLE,STABILITY,VIBRATO_CONTROL,PASS,
0ada85fffc84,HIGH_NOTE_UNSTABLE,DYNAMICS_DIFFICULT,DYNAMICS,DYNAMICS,PASS,
0ada85fffc84,HIGH_NOTE_UNSTABLE,PHRASE_END_WEAK,DYNAMICS,PHRASE_ENDURANCE,PASS,
0ada85fffc84,HIGH_NOTE_UNSTABLE,PAIN_WHILE_SINGING,SAFETY,SAFETY,PASS,
0ada85fffc84,HIGH_NOTE_UNSTABLE,PAIN_AFTER_SINGING,SAFETY,SAFETY,PASS,
0ada85fffc84,HIGH_NOTE_UNSTABLE,SPEAKING_DISCOMFORT,SAFETY,SAFETY,PASS,
0ada85fffc84,HIGH_NOTE_UNSTABLE,PERSISTENT_HOARSENESS,SAFETY,SAFETY,PASS,
0ada85fffc84,HIGH_NOTE_UNSTABLE,OTHER_CONCERN,STABILITY,STABILITY,PASS,
0ada85fffc84,THROAT_EFFORT,LOUD_VOICE_DIFFICULT,EFFORT,MAINTAIN,PASS,
0ada85fffc84,THROAT_EFFORT,VOCAL_FATIGUE,EFFORT,MAINTAIN,PASS,
0ada85fffc84,THROAT_EFFORT,AFTER_SINGING_FATIGUE,EFFORT,MAINTAIN,PASS,
0ada85fffc84,THROAT_EFFORT,TIMBRE_DISSATISFIED,TIMBRE,TIMBRE_STYLE,PASS,
0ada85fffc84,THROAT_EFFORT,VOICE_TOO_THIN,MAINTAIN,MAINTAIN,PASS,
0ada85fffc84,THROAT_EFFORT,VOICE_TOO_DARK_MUFFLED,PRESENCE,PRESENCE,PASS,
0ada85fffc84,THROAT_EFFORT,VOICE_TOO_NASAL_PERCEPT,TIMBRE,TIMBRE_STYLE,PASS,
0ada85fffc84,THROAT_EFFORT,VOICE_TOO_BREATHY,MAINTAIN,MAINTAIN,PASS,
0ada85fffc84,THROAT_EFFORT,VOICE_TOO_SHARP,TIMBRE,TIMBRE_STYLE,PASS,
0ada85fffc84,THROAT_EFFORT,VOICE_ROUGH,STABILITY,STABILITY,PASS,
0ada85fffc84,THROAT_EFFORT,TIMBRE_CHANGES_HIGH,REGISTER_CONNECTION,REGISTER_CONNECTION,PASS,
0ada85fffc84,THROAT_EFFORT,PITCH_UNSTABLE,STABILITY,STABILITY,PASS,
0ada85fffc84,THROAT_EFFORT,REGISTER_CONNECTION_DIFFICULT,STABILITY,STABILITY,PASS,
0ada85fffc84,THROAT_EFFORT,VIBRATO_UNSTABLE,STABILITY,VIBRATO_CONTROL,PASS,
0ada85fffc84,THROAT_EFFORT,DYNAMICS_DIFFICULT,DYNAMICS,DYNAMICS,PASS,
0ada85fffc84,THROAT_EFFORT,PHRASE_END_WEAK,DYNAMICS,PHRASE_ENDURANCE,PASS,
0ada85fffc84,THROAT_EFFORT,PAIN_WHILE_SINGING,SAFETY,SAFETY,PASS,
0ada85fffc84,THROAT_EFFORT,PAIN_AFTER_SINGING,SAFETY,SAFETY,PASS,
0ada85fffc84,THROAT_EFFORT,SPEAKING_DISCOMFORT,SAFETY,SAFETY,PASS,
0ada85fffc84,THROAT_EFFORT,PERSISTENT_HOARSENESS,SAFETY,SAFETY,PASS,
0ada85fffc84,THROAT_EFFORT,OTHER_CONCERN,MAINTAIN,MAINTAIN,PASS,
0ada85fffc84,LOUD_VOICE_DIFFICULT,VOCAL_FATIGUE,EFFORT,MAINTAIN,PASS,
0ada85fffc84,LOUD_VOICE_DIFFICULT,AFTER_SINGING_FATIGUE,EFFORT,MAINTAIN,PASS,
0ada85fffc84,LOUD_VOICE_DIFFICULT,TIMBRE_DISSATISFIED,TIMBRE,TIMBRE_STYLE,PASS,
0ada85fffc84,LOUD_VOICE_DIFFICULT,VOICE_TOO_THIN,MAINTAIN,MAINTAIN,PASS,
0ada85fffc84,LOUD_VOICE_DIFFICULT,VOICE_TOO_DARK_MUFFLED,PRESENCE,PRESENCE,PASS,
0ada85fffc84,LOUD_VOICE_DIFFICULT,VOICE_TOO_NASAL_PERCEPT,TIMBRE,TIMBRE_STYLE,PASS,
0ada85fffc84,LOUD_VOICE_DIFFICULT,VOICE_TOO_BREATHY,MAINTAIN,MAINTAIN,PASS,
0ada85fffc84,LOUD_VOICE_DIFFICULT,VOICE_TOO_SHARP,TIMBRE,TIMBRE_STYLE,PASS,
0ada85fffc84,LOUD_VOICE_DIFFICULT,VOICE_ROUGH,STABILITY,STABILITY,PASS,
0ada85fffc84,LOUD_VOICE_DIFFICULT,TIMBRE_CHANGES_HIGH,REGISTER_CONNECTION,REGISTER_CONNECTION,PASS,
0ada85fffc84,LOUD_VOICE_DIFFICULT,PITCH_UNSTABLE,STABILITY,STABILITY,PASS,
0ada85fffc84,LOUD_VOICE_DIFFICULT,REGISTER_CONNECTION_DIFFICULT,STABILITY,STABILITY,PASS,
0ada85fffc84,LOUD_VOICE_DIFFICULT,VIBRATO_UNSTABLE,STABILITY,VIBRATO_CONTROL,PASS,
0ada85fffc84,LOUD_VOICE_DIFFICULT,DYNAMICS_DIFFICULT,DYNAMICS,DYNAMICS,PASS,
0ada85fffc84,LOUD_VOICE_DIFFICULT,PHRASE_END_WEAK,DYNAMICS,PHRASE_ENDURANCE,PASS,
0ada85fffc84,LOUD_VOICE_DIFFICULT,PAIN_WHILE_SINGING,SAFETY,SAFETY,PASS,
0ada85fffc84,LOUD_VOICE_DIFFICULT,PAIN_AFTER_SINGING,SAFETY,SAFETY,PASS,
0ada85fffc84,LOUD_VOICE_DIFFICULT,SPEAKING_DISCOMFORT,SAFETY,SAFETY,PASS,
0ada85fffc84,LOUD_VOICE_DIFFICULT,PERSISTENT_HOARSENESS,SAFETY,SAFETY,PASS,
0ada85fffc84,LOUD_VOICE_DIFFICULT,OTHER_CONCERN,MAINTAIN,MAINTAIN,PASS,
0ada85fffc84,VOCAL_FATIGUE,AFTER_SINGING_FATIGUE,EFFORT,MAINTAIN,PASS,
0ada85fffc84,VOCAL_FATIGUE,TIMBRE_DISSATISFIED,TIMBRE,TIMBRE_STYLE,PASS,
0ada85fffc84,VOCAL_FATIGUE,VOICE_TOO_THIN,MAINTAIN,MAINTAIN,PASS,
0ada85fffc84,VOCAL_FATIGUE,VOICE_TOO_DARK_MUFFLED,PRESENCE,PRESENCE,PASS,
0ada85fffc84,VOCAL_FATIGUE,VOICE_TOO_NASAL_PERCEPT,TIMBRE,TIMBRE_STYLE,PASS,
0ada85fffc84,VOCAL_FATIGUE,VOICE_TOO_BREATHY,MAINTAIN,MAINTAIN,PASS,
0ada85fffc84,VOCAL_FATIGUE,VOICE_TOO_SHARP,TIMBRE,TIMBRE_STYLE,PASS,
0ada85fffc84,VOCAL_FATIGUE,VOICE_ROUGH,STABILITY,STABILITY,PASS,
0ada85fffc84,VOCAL_FATIGUE,TIMBRE_CHANGES_HIGH,REGISTER_CONNECTION,REGISTER_CONNECTION,PASS,
0ada85fffc84,VOCAL_FATIGUE,PITCH_UNSTABLE,STABILITY,STABILITY,PASS,
0ada85fffc84,VOCAL_FATIGUE,REGISTER_CONNECTION_DIFFICULT,STABILITY,STABILITY,PASS,
0ada85fffc84,VOCAL_FATIGUE,VIBRATO_UNSTABLE,STABILITY,VIBRATO_CONTROL,PASS,
0ada85fffc84,VOCAL_FATIGUE,DYNAMICS_DIFFICULT,DYNAMICS,DYNAMICS,PASS,
0ada85fffc84,VOCAL_FATIGUE,PHRASE_END_WEAK,DYNAMICS,PHRASE_ENDURANCE,PASS,
0ada85fffc84,VOCAL_FATIGUE,PAIN_WHILE_SINGING,SAFETY,SAFETY,PASS,
0ada85fffc84,VOCAL_FATIGUE,PAIN_AFTER_SINGING,SAFETY,SAFETY,PASS,
0ada85fffc84,VOCAL_FATIGUE,SPEAKING_DISCOMFORT,SAFETY,SAFETY,PASS,
0ada85fffc84,VOCAL_FATIGUE,PERSISTENT_HOARSENESS,SAFETY,SAFETY,PASS,
0ada85fffc84,VOCAL_FATIGUE,OTHER_CONCERN,MAINTAIN,MAINTAIN,PASS,
0ada85fffc84,AFTER_SINGING_FATIGUE,TIMBRE_DISSATISFIED,TIMBRE,TIMBRE_STYLE,PASS,
0ada85fffc84,AFTER_SINGING_FATIGUE,VOICE_TOO_THIN,EFFORT,MAINTAIN,PASS,
0ada85fffc84,AFTER_SINGING_FATIGUE,VOICE_TOO_DARK_MUFFLED,PRESENCE,PRESENCE,PASS,
0ada85fffc84,AFTER_SINGING_FATIGUE,VOICE_TOO_NASAL_PERCEPT,TIMBRE,TIMBRE_STYLE,PASS,
0ada85fffc84,AFTER_SINGING_FATIGUE,VOICE_TOO_BREATHY,EFFORT,MAINTAIN,PASS,
0ada85fffc84,AFTER_SINGING_FATIGUE,VOICE_TOO_SHARP,TIMBRE,TIMBRE_STYLE,PASS,
0ada85fffc84,AFTER_SINGING_FATIGUE,VOICE_ROUGH,STABILITY,STABILITY,PASS,
0ada85fffc84,AFTER_SINGING_FATIGUE,TIMBRE_CHANGES_HIGH,REGISTER_CONNECTION,REGISTER_CONNECTION,PASS,
0ada85fffc84,AFTER_SINGING_FATIGUE,PITCH_UNSTABLE,STABILITY,STABILITY,PASS,
0ada85fffc84,AFTER_SINGING_FATIGUE,REGISTER_CONNECTION_DIFFICULT,STABILITY,STABILITY,PASS,
0ada85fffc84,AFTER_SINGING_FATIGUE,VIBRATO_UNSTABLE,STABILITY,VIBRATO_CONTROL,PASS,
0ada85fffc84,AFTER_SINGING_FATIGUE,DYNAMICS_DIFFICULT,DYNAMICS,DYNAMICS,PASS,
0ada85fffc84,AFTER_SINGING_FATIGUE,PHRASE_END_WEAK,DYNAMICS,PHRASE_ENDURANCE,PASS,
0ada85fffc84,AFTER_SINGING_FATIGUE,PAIN_WHILE_SINGING,SAFETY,SAFETY,PASS,
0ada85fffc84,AFTER_SINGING_FATIGUE,PAIN_AFTER_SINGING,SAFETY,SAFETY,PASS,
0ada85fffc84,AFTER_SINGING_FATIGUE,SPEAKING_DISCOMFORT,SAFETY,SAFETY,PASS,
0ada85fffc84,AFTER_SINGING_FATIGUE,PERSISTENT_HOARSENESS,SAFETY,SAFETY,PASS,
0ada85fffc84,AFTER_SINGING_FATIGUE,OTHER_CONCERN,EFFORT,MAINTAIN,PASS,
0ada85fffc84,TIMBRE_DISSATISFIED,VOICE_TOO_THIN,TIMBRE,TIMBRE_STYLE,PASS,
0ada85fffc84,TIMBRE_DISSATISFIED,VOICE_TOO_DARK_MUFFLED,PRESENCE,PRESENCE,PASS,
0ada85fffc84,TIMBRE_DISSATISFIED,VOICE_TOO_NASAL_PERCEPT,TIMBRE,TIMBRE_STYLE,PASS,
0ada85fffc84,TIMBRE_DISSATISFIED,VOICE_TOO_BREATHY,TIMBRE,TIMBRE_STYLE,PASS,
0ada85fffc84,TIMBRE_DISSATISFIED,VOICE_TOO_SHARP,TIMBRE,TIMBRE_STYLE,PASS,
0ada85fffc84,TIMBRE_DISSATISFIED,VOICE_ROUGH,TIMBRE,TIMBRE_STYLE,PASS,
0ada85fffc84,TIMBRE_DISSATISFIED,TIMBRE_CHANGES_HIGH,TIMBRE,TIMBRE_STYLE,PASS,
0ada85fffc84,TIMBRE_DISSATISFIED,PITCH_UNSTABLE,TIMBRE,TIMBRE_STYLE,PASS,
0ada85fffc84,TIMBRE_DISSATISFIED,REGISTER_CONNECTION_DIFFICULT,TIMBRE,TIMBRE_STYLE,PASS,
0ada85fffc84,TIMBRE_DISSATISFIED,VIBRATO_UNSTABLE,TIMBRE,TIMBRE_STYLE,PASS,
0ada85fffc84,TIMBRE_DISSATISFIED,DYNAMICS_DIFFICULT,TIMBRE,TIMBRE_STYLE,PASS,
0ada85fffc84,TIMBRE_DISSATISFIED,PHRASE_END_WEAK,TIMBRE,TIMBRE_STYLE,PASS,
0ada85fffc84,TIMBRE_DISSATISFIED,PAIN_WHILE_SINGING,SAFETY,SAFETY,PASS,
0ada85fffc84,TIMBRE_DISSATISFIED,PAIN_AFTER_SINGING,SAFETY,SAFETY,PASS,
0ada85fffc84,TIMBRE_DISSATISFIED,SPEAKING_DISCOMFORT,SAFETY,SAFETY,PASS,
0ada85fffc84,TIMBRE_DISSATISFIED,PERSISTENT_HOARSENESS,SAFETY,SAFETY,PASS,
0ada85fffc84,TIMBRE_DISSATISFIED,OTHER_CONCERN,TIMBRE,TIMBRE_STYLE,PASS,
0ada85fffc84,VOICE_TOO_THIN,VOICE_TOO_DARK_MUFFLED,PRESENCE,PRESENCE,FAIL,UNSUPPORTED_ACOUSTIC_CLAIM
0ada85fffc84,VOICE_TOO_THIN,VOICE_TOO_NASAL_PERCEPT,TIMBRE,TIMBRE_STYLE,FAIL,UNSUPPORTED_ACOUSTIC_CLAIM
0ada85fffc84,VOICE_TOO_THIN,VOICE_TOO_BREATHY,MAINTAIN,MAINTAIN,FAIL,UNSUPPORTED_ACOUSTIC_CLAIM
0ada85fffc84,VOICE_TOO_THIN,VOICE_TOO_SHARP,TIMBRE,TIMBRE_STYLE,FAIL,UNSUPPORTED_ACOUSTIC_CLAIM
0ada85fffc84,VOICE_TOO_THIN,VOICE_ROUGH,STABILITY,STABILITY,FAIL,UNSUPPORTED_ACOUSTIC_CLAIM
0ada85fffc84,VOICE_TOO_THIN,TIMBRE_CHANGES_HIGH,REGISTER_CONNECTION,REGISTER_CONNECTION,FAIL,UNSUPPORTED_ACOUSTIC_CLAIM
0ada85fffc84,VOICE_TOO_THIN,PITCH_UNSTABLE,STABILITY,STABILITY,FAIL,UNSUPPORTED_ACOUSTIC_CLAIM
0ada85fffc84,VOICE_TOO_THIN,REGISTER_CONNECTION_DIFFICULT,STABILITY,STABILITY,FAIL,UNSUPPORTED_ACOUSTIC_CLAIM
0ada85fffc84,VOICE_TOO_THIN,VIBRATO_UNSTABLE,STABILITY,VIBRATO_CONTROL,FAIL,UNSUPPORTED_ACOUSTIC_CLAIM
0ada85fffc84,VOICE_TOO_THIN,DYNAMICS_DIFFICULT,DYNAMICS,DYNAMICS,FAIL,UNSUPPORTED_ACOUSTIC_CLAIM
0ada85fffc84,VOICE_TOO_THIN,PHRASE_END_WEAK,DYNAMICS,PHRASE_ENDURANCE,FAIL,UNSUPPORTED_ACOUSTIC_CLAIM
0ada85fffc84,VOICE_TOO_THIN,PAIN_WHILE_SINGING,SAFETY,SAFETY,FAIL,UNSUPPORTED_ACOUSTIC_CLAIM
0ada85fffc84,VOICE_TOO_THIN,PAIN_AFTER_SINGING,SAFETY,SAFETY,FAIL,UNSUPPORTED_ACOUSTIC_CLAIM
0ada85fffc84,VOICE_TOO_THIN,SPEAKING_DISCOMFORT,SAFETY,SAFETY,FAIL,UNSUPPORTED_ACOUSTIC_CLAIM
0ada85fffc84,VOICE_TOO_THIN,PERSISTENT_HOARSENESS,SAFETY,SAFETY,FAIL,UNSUPPORTED_ACOUSTIC_CLAIM
0ada85fffc84,VOICE_TOO_THIN,OTHER_CONCERN,MAINTAIN,MAINTAIN,FAIL,UNSUPPORTED_ACOUSTIC_CLAIM
0ada85fffc84,VOICE_TOO_DARK_MUFFLED,VOICE_TOO_NASAL_PERCEPT,PRESENCE,PRESENCE,FAIL,UNSUPPORTED_ACOUSTIC_CLAIM
0ada85fffc84,VOICE_TOO_DARK_MUFFLED,VOICE_TOO_BREATHY,PRESENCE,PRESENCE,FAIL,UNSUPPORTED_ACOUSTIC_CLAIM
0ada85fffc84,VOICE_TOO_DARK_MUFFLED,VOICE_TOO_SHARP,PRESENCE,PRESENCE,FAIL,UNSUPPORTED_ACOUSTIC_CLAIM
0ada85fffc84,VOICE_TOO_DARK_MUFFLED,VOICE_ROUGH,PRESENCE,PRESENCE,FAIL,UNSUPPORTED_ACOUSTIC_CLAIM
0ada85fffc84,VOICE_TOO_DARK_MUFFLED,TIMBRE_CHANGES_HIGH,PRESENCE,PRESENCE,FAIL,UNSUPPORTED_ACOUSTIC_CLAIM
0ada85fffc84,VOICE_TOO_DARK_MUFFLED,PITCH_UNSTABLE,PRESENCE,PRESENCE,FAIL,UNSUPPORTED_ACOUSTIC_CLAIM
0ada85fffc84,VOICE_TOO_DARK_MUFFLED,REGISTER_CONNECTION_DIFFICULT,PRESENCE,PRESENCE,FAIL,UNSUPPORTED_ACOUSTIC_CLAIM
0ada85fffc84,VOICE_TOO_DARK_MUFFLED,VIBRATO_UNSTABLE,PRESENCE,PRESENCE,FAIL,UNSUPPORTED_ACOUSTIC_CLAIM
0ada85fffc84,VOICE_TOO_DARK_MUFFLED,DYNAMICS_DIFFICULT,PRESENCE,PRESENCE,FAIL,UNSUPPORTED_ACOUSTIC_CLAIM
0ada85fffc84,VOICE_TOO_DARK_MUFFLED,PHRASE_END_WEAK,PRESENCE,PRESENCE,FAIL,UNSUPPORTED_ACOUSTIC_CLAIM
0ada85fffc84,VOICE_TOO_DARK_MUFFLED,PAIN_WHILE_SINGING,SAFETY,SAFETY,FAIL,UNSUPPORTED_ACOUSTIC_CLAIM
0ada85fffc84,VOICE_TOO_DARK_MUFFLED,PAIN_AFTER_SINGING,SAFETY,SAFETY,FAIL,UNSUPPORTED_ACOUSTIC_CLAIM
0ada85fffc84,VOICE_TOO_DARK_MUFFLED,SPEAKING_DISCOMFORT,SAFETY,SAFETY,FAIL,UNSUPPORTED_ACOUSTIC_CLAIM
0ada85fffc84,VOICE_TOO_DARK_MUFFLED,PERSISTENT_HOARSENESS,SAFETY,SAFETY,FAIL,UNSUPPORTED_ACOUSTIC_CLAIM
0ada85fffc84,VOICE_TOO_DARK_MUFFLED,OTHER_CONCERN,PRESENCE,PRESENCE,FAIL,UNSUPPORTED_ACOUSTIC_CLAIM
0ada85fffc84,VOICE_TOO_NASAL_PERCEPT,VOICE_TOO_BREATHY,TIMBRE,TIMBRE_STYLE,PASS,
0ada85fffc84,VOICE_TOO_NASAL_PERCEPT,VOICE_TOO_SHARP,TIMBRE,TIMBRE_STYLE,PASS,
0ada85fffc84,VOICE_TOO_NASAL_PERCEPT,VOICE_ROUGH,STABILITY,STABILITY,PASS,
0ada85fffc84,VOICE_TOO_NASAL_PERCEPT,TIMBRE_CHANGES_HIGH,REGISTER_CONNECTION,REGISTER_CONNECTION,PASS,
0ada85fffc84,VOICE_TOO_NASAL_PERCEPT,PITCH_UNSTABLE,STABILITY,STABILITY,PASS,
0ada85fffc84,VOICE_TOO_NASAL_PERCEPT,REGISTER_CONNECTION_DIFFICULT,STABILITY,STABILITY,PASS,
0ada85fffc84,VOICE_TOO_NASAL_PERCEPT,VIBRATO_UNSTABLE,STABILITY,VIBRATO_CONTROL,PASS,
0ada85fffc84,VOICE_TOO_NASAL_PERCEPT,DYNAMICS_DIFFICULT,DYNAMICS,DYNAMICS,PASS,
0ada85fffc84,VOICE_TOO_NASAL_PERCEPT,PHRASE_END_WEAK,DYNAMICS,PHRASE_ENDURANCE,PASS,
0ada85fffc84,VOICE_TOO_NASAL_PERCEPT,PAIN_WHILE_SINGING,SAFETY,SAFETY,PASS,
0ada85fffc84,VOICE_TOO_NASAL_PERCEPT,PAIN_AFTER_SINGING,SAFETY,SAFETY,PASS,
0ada85fffc84,VOICE_TOO_NASAL_PERCEPT,SPEAKING_DISCOMFORT,SAFETY,SAFETY,PASS,
0ada85fffc84,VOICE_TOO_NASAL_PERCEPT,PERSISTENT_HOARSENESS,SAFETY,SAFETY,PASS,
0ada85fffc84,VOICE_TOO_NASAL_PERCEPT,OTHER_CONCERN,TIMBRE,TIMBRE_STYLE,PASS,
0ada85fffc84,VOICE_TOO_BREATHY,VOICE_TOO_SHARP,TIMBRE,TIMBRE_STYLE,FAIL,UNSUPPORTED_ACOUSTIC_CLAIM
0ada85fffc84,VOICE_TOO_BREATHY,VOICE_ROUGH,STABILITY,STABILITY,FAIL,UNSUPPORTED_ACOUSTIC_CLAIM
0ada85fffc84,VOICE_TOO_BREATHY,TIMBRE_CHANGES_HIGH,REGISTER_CONNECTION,REGISTER_CONNECTION,FAIL,UNSUPPORTED_ACOUSTIC_CLAIM
0ada85fffc84,VOICE_TOO_BREATHY,PITCH_UNSTABLE,STABILITY,STABILITY,FAIL,UNSUPPORTED_ACOUSTIC_CLAIM
0ada85fffc84,VOICE_TOO_BREATHY,REGISTER_CONNECTION_DIFFICULT,STABILITY,STABILITY,FAIL,UNSUPPORTED_ACOUSTIC_CLAIM
0ada85fffc84,VOICE_TOO_BREATHY,VIBRATO_UNSTABLE,STABILITY,VIBRATO_CONTROL,FAIL,UNSUPPORTED_ACOUSTIC_CLAIM
0ada85fffc84,VOICE_TOO_BREATHY,DYNAMICS_DIFFICULT,DYNAMICS,DYNAMICS,FAIL,UNSUPPORTED_ACOUSTIC_CLAIM
0ada85fffc84,VOICE_TOO_BREATHY,PHRASE_END_WEAK,DYNAMICS,PHRASE_ENDURANCE,FAIL,UNSUPPORTED_ACOUSTIC_CLAIM
0ada85fffc84,VOICE_TOO_BREATHY,PAIN_WHILE_SINGING,SAFETY,SAFETY,FAIL,UNSUPPORTED_ACOUSTIC_CLAIM
0ada85fffc84,VOICE_TOO_BREATHY,PAIN_AFTER_SINGING,SAFETY,SAFETY,FAIL,UNSUPPORTED_ACOUSTIC_CLAIM
0ada85fffc84,VOICE_TOO_BREATHY,SPEAKING_DISCOMFORT,SAFETY,SAFETY,FAIL,UNSUPPORTED_ACOUSTIC_CLAIM
0ada85fffc84,VOICE_TOO_BREATHY,PERSISTENT_HOARSENESS,SAFETY,SAFETY,FAIL,UNSUPPORTED_ACOUSTIC_CLAIM
0ada85fffc84,VOICE_TOO_BREATHY,OTHER_CONCERN,MAINTAIN,MAINTAIN,FAIL,UNSUPPORTED_ACOUSTIC_CLAIM
0ada85fffc84,VOICE_TOO_SHARP,VOICE_ROUGH,STABILITY,STABILITY,PASS,
0ada85fffc84,VOICE_TOO_SHARP,TIMBRE_CHANGES_HIGH,REGISTER_CONNECTION,REGISTER_CONNECTION,PASS,
0ada85fffc84,VOICE_TOO_SHARP,PITCH_UNSTABLE,STABILITY,STABILITY,PASS,
0ada85fffc84,VOICE_TOO_SHARP,REGISTER_CONNECTION_DIFFICULT,STABILITY,STABILITY,PASS,
0ada85fffc84,VOICE_TOO_SHARP,VIBRATO_UNSTABLE,STABILITY,VIBRATO_CONTROL,PASS,
0ada85fffc84,VOICE_TOO_SHARP,DYNAMICS_DIFFICULT,DYNAMICS,DYNAMICS,PASS,
0ada85fffc84,VOICE_TOO_SHARP,PHRASE_END_WEAK,DYNAMICS,PHRASE_ENDURANCE,PASS,
0ada85fffc84,VOICE_TOO_SHARP,PAIN_WHILE_SINGING,SAFETY,SAFETY,PASS,
0ada85fffc84,VOICE_TOO_SHARP,PAIN_AFTER_SINGING,SAFETY,SAFETY,PASS,
0ada85fffc84,VOICE_TOO_SHARP,SPEAKING_DISCOMFORT,SAFETY,SAFETY,PASS,
0ada85fffc84,VOICE_TOO_SHARP,PERSISTENT_HOARSENESS,SAFETY,SAFETY,PASS,
0ada85fffc84,VOICE_TOO_SHARP,OTHER_CONCERN,TIMBRE,TIMBRE_STYLE,PASS,
0ada85fffc84,VOICE_ROUGH,TIMBRE_CHANGES_HIGH,REGISTER_CONNECTION,REGISTER_CONNECTION,PASS,
0ada85fffc84,VOICE_ROUGH,PITCH_UNSTABLE,STABILITY,STABILITY,PASS,
0ada85fffc84,VOICE_ROUGH,REGISTER_CONNECTION_DIFFICULT,STABILITY,STABILITY,PASS,
0ada85fffc84,VOICE_ROUGH,VIBRATO_UNSTABLE,STABILITY,VIBRATO_CONTROL,PASS,
0ada85fffc84,VOICE_ROUGH,DYNAMICS_DIFFICULT,DYNAMICS,DYNAMICS,PASS,
0ada85fffc84,VOICE_ROUGH,PHRASE_END_WEAK,DYNAMICS,PHRASE_ENDURANCE,PASS,
0ada85fffc84,VOICE_ROUGH,PAIN_WHILE_SINGING,SAFETY,SAFETY,PASS,
0ada85fffc84,VOICE_ROUGH,PAIN_AFTER_SINGING,SAFETY,SAFETY,PASS,
0ada85fffc84,VOICE_ROUGH,SPEAKING_DISCOMFORT,SAFETY,SAFETY,PASS,
0ada85fffc84,VOICE_ROUGH,PERSISTENT_HOARSENESS,SAFETY,SAFETY,PASS,
0ada85fffc84,VOICE_ROUGH,OTHER_CONCERN,STABILITY,STABILITY,PASS,
0ada85fffc84,TIMBRE_CHANGES_HIGH,PITCH_UNSTABLE,STABILITY,STABILITY,PASS,
0ada85fffc84,TIMBRE_CHANGES_HIGH,REGISTER_CONNECTION_DIFFICULT,STABILITY,STABILITY,PASS,
0ada85fffc84,TIMBRE_CHANGES_HIGH,VIBRATO_UNSTABLE,STABILITY,VIBRATO_CONTROL,PASS,
0ada85fffc84,TIMBRE_CHANGES_HIGH,DYNAMICS_DIFFICULT,DYNAMICS,DYNAMICS,PASS,
0ada85fffc84,TIMBRE_CHANGES_HIGH,PHRASE_END_WEAK,DYNAMICS,PHRASE_ENDURANCE,PASS,
0ada85fffc84,TIMBRE_CHANGES_HIGH,PAIN_WHILE_SINGING,SAFETY,SAFETY,PASS,
0ada85fffc84,TIMBRE_CHANGES_HIGH,PAIN_AFTER_SINGING,SAFETY,SAFETY,PASS,
0ada85fffc84,TIMBRE_CHANGES_HIGH,SPEAKING_DISCOMFORT,SAFETY,SAFETY,PASS,
0ada85fffc84,TIMBRE_CHANGES_HIGH,PERSISTENT_HOARSENESS,SAFETY,SAFETY,PASS,
0ada85fffc84,TIMBRE_CHANGES_HIGH,OTHER_CONCERN,REGISTER_CONNECTION,REGISTER_CONNECTION,PASS,
0ada85fffc84,PITCH_UNSTABLE,REGISTER_CONNECTION_DIFFICULT,STABILITY,STABILITY,PASS,
0ada85fffc84,PITCH_UNSTABLE,VIBRATO_UNSTABLE,STABILITY,VIBRATO_CONTROL,PASS,
0ada85fffc84,PITCH_UNSTABLE,DYNAMICS_DIFFICULT,DYNAMICS,DYNAMICS,PASS,
0ada85fffc84,PITCH_UNSTABLE,PHRASE_END_WEAK,DYNAMICS,PHRASE_ENDURANCE,PASS,
0ada85fffc84,PITCH_UNSTABLE,PAIN_WHILE_SINGING,SAFETY,SAFETY,PASS,
0ada85fffc84,PITCH_UNSTABLE,PAIN_AFTER_SINGING,SAFETY,SAFETY,PASS,
0ada85fffc84,PITCH_UNSTABLE,SPEAKING_DISCOMFORT,SAFETY,SAFETY,PASS,
0ada85fffc84,PITCH_UNSTABLE,PERSISTENT_HOARSENESS,SAFETY,SAFETY,PASS,
0ada85fffc84,PITCH_UNSTABLE,OTHER_CONCERN,STABILITY,STABILITY,PASS,
0ada85fffc84,REGISTER_CONNECTION_DIFFICULT,VIBRATO_UNSTABLE,STABILITY,VIBRATO_CONTROL,PASS,
0ada85fffc84,REGISTER_CONNECTION_DIFFICULT,DYNAMICS_DIFFICULT,DYNAMICS,DYNAMICS,PASS,
0ada85fffc84,REGISTER_CONNECTION_DIFFICULT,PHRASE_END_WEAK,DYNAMICS,PHRASE_ENDURANCE,PASS,
0ada85fffc84,REGISTER_CONNECTION_DIFFICULT,PAIN_WHILE_SINGING,SAFETY,SAFETY,PASS,
0ada85fffc84,REGISTER_CONNECTION_DIFFICULT,PAIN_AFTER_SINGING,SAFETY,SAFETY,PASS,
0ada85fffc84,REGISTER_CONNECTION_DIFFICULT,SPEAKING_DISCOMFORT,SAFETY,SAFETY,PASS,
0ada85fffc84,REGISTER_CONNECTION_DIFFICULT,PERSISTENT_HOARSENESS,SAFETY,SAFETY,PASS,
0ada85fffc84,REGISTER_CONNECTION_DIFFICULT,OTHER_CONCERN,STABILITY,STABILITY,PASS,
0ada85fffc84,VIBRATO_UNSTABLE,DYNAMICS_DIFFICULT,DYNAMICS,DYNAMICS,PASS,
0ada85fffc84,VIBRATO_UNSTABLE,PHRASE_END_WEAK,DYNAMICS,PHRASE_ENDURANCE,PASS,
0ada85fffc84,VIBRATO_UNSTABLE,PAIN_WHILE_SINGING,SAFETY,SAFETY,PASS,
0ada85fffc84,VIBRATO_UNSTABLE,PAIN_AFTER_SINGING,SAFETY,SAFETY,PASS,
0ada85fffc84,VIBRATO_UNSTABLE,SPEAKING_DISCOMFORT,SAFETY,SAFETY,PASS,
0ada85fffc84,VIBRATO_UNSTABLE,PERSISTENT_HOARSENESS,SAFETY,SAFETY,PASS,
0ada85fffc84,VIBRATO_UNSTABLE,OTHER_CONCERN,STABILITY,VIBRATO_CONTROL,PASS,
0ada85fffc84,DYNAMICS_DIFFICULT,PHRASE_END_WEAK,DYNAMICS,PHRASE_ENDURANCE,PASS,
0ada85fffc84,DYNAMICS_DIFFICULT,PAIN_WHILE_SINGING,SAFETY,SAFETY,PASS,
0ada85fffc84,DYNAMICS_DIFFICULT,PAIN_AFTER_SINGING,SAFETY,SAFETY,PASS,
0ada85fffc84,DYNAMICS_DIFFICULT,SPEAKING_DISCOMFORT,SAFETY,SAFETY,PASS,
0ada85fffc84,DYNAMICS_DIFFICULT,PERSISTENT_HOARSENESS,SAFETY,SAFETY,PASS,
0ada85fffc84,DYNAMICS_DIFFICULT,OTHER_CONCERN,DYNAMICS,DYNAMICS,PASS,
0ada85fffc84,PHRASE_END_WEAK,PAIN_WHILE_SINGING,SAFETY,SAFETY,PASS,
0ada85fffc84,PHRASE_END_WEAK,PAIN_AFTER_SINGING,SAFETY,SAFETY,PASS,
0ada85fffc84,PHRASE_END_WEAK,SPEAKING_DISCOMFORT,SAFETY,SAFETY,PASS,
0ada85fffc84,PHRASE_END_WEAK,PERSISTENT_HOARSENESS,SAFETY,SAFETY,PASS,
0ada85fffc84,PHRASE_END_WEAK,OTHER_CONCERN,DYNAMICS,PHRASE_ENDURANCE,PASS,
0ada85fffc84,PAIN_WHILE_SINGING,PAIN_AFTER_SINGING,SAFETY,SAFETY,PASS,
0ada85fffc84,PAIN_WHILE_SINGING,SPEAKING_DISCOMFORT,SAFETY,SAFETY,PASS,
0ada85fffc84,PAIN_WHILE_SINGING,PERSISTENT_HOARSENESS,SAFETY,SAFETY,PASS,
0ada85fffc84,PAIN_WHILE_SINGING,OTHER_CONCERN,SAFETY,SAFETY,PASS,
0ada85fffc84,PAIN_AFTER_SINGING,SPEAKING_DISCOMFORT,SAFETY,SAFETY,PASS,
0ada85fffc84,PAIN_AFTER_SINGING,PERSISTENT_HOARSENESS,SAFETY,SAFETY,PASS,
0ada85fffc84,PAIN_AFTER_SINGING,OTHER_CONCERN,SAFETY,SAFETY,PASS,
0ada85fffc84,SPEAKING_DISCOMFORT,PERSISTENT_HOARSENESS,SAFETY,SAFETY,PASS,
0ada85fffc84,SPEAKING_DISCOMFORT,OTHER_CONCERN,SAFETY,SAFETY,PASS,
0ada85fffc84,PERSISTENT_HOARSENESS,OTHER_CONCERN,SAFETY,SAFETY,PASS,
