audio_id,concern_ids,primary_focus,protocol_id,practice_id,audit_status,finding_codes
00ae450b11f1,PAIN_WHILE_SINGING,SAFETY,SAFETY,SAFETY_STOP,PASS,
00ae450b11f1,PAIN_AFTER_SINGING,SAFETY,SAFETY,SAFETY_STOP,PASS,
00ae450b11f1,SPEAKING_DISCOMFORT,SAFETY,SAFETY,SAFETY_STOP,PASS,
00ae450b11f1,PERSISTENT_HOARSENESS,SAFETY,SAFETY,SAFETY_STOP,PASS,
00ae450b11f1,"PAIN_WHILE_SINGING,HIGH_NOTE_FLIPS",SAFETY,SAFETY,SAFETY_STOP,PASS,
00ae450b11f1,"PAIN_WHILE_SINGING,HIGH_NOTE_TOO_EFFORTFUL",SAFETY,SAFETY,SAFETY_STOP,PASS,
00ae450b11f1,"PAIN_WHILE_SINGING,LOUD_VOICE_DIFFICULT",SAFETY,SAFETY,SAFETY_STOP,PASS,
00ae450b11f1,"PAIN_AFTER_SINGING,VOCAL_FATIGUE",SAFETY,SAFETY,SAFETY_STOP,PASS,
00ae450b11f1,"SPEAKING_DISCOMFORT,THROAT_EFFORT",SAFETY,SAFETY,SAFETY_STOP,PASS,
07564b6df5b9,PAIN_WHILE_SINGING,SAFETY,SAFETY,SAFETY_STOP,PASS,
07564b6df5b9,PAIN_AFTER_SINGING,SAFETY,SAFETY,SAFETY_STOP,PASS,
07564b6df5b9,SPEAKING_DISCOMFORT,SAFETY,SAFETY,SAFETY_STOP,PASS,
07564b6df5b9,PERSISTENT_HOARSENESS,SAFETY,SAFETY,SAFETY_STOP,PASS,
07564b6df5b9,"PAIN_WHILE_SINGING,HIGH_NOTE_FLIPS",SAFETY,SAFETY,SAFETY_STOP,PASS,
07564b6df5b9,"PAIN_WHILE_SINGING,HIGH_NOTE_TOO_EFFORTFUL",SAFETY,SAFETY,SAFETY_STOP,PASS,
07564b6df5b9,"PAIN_WHILE_SINGING,LOUD_VOICE_DIFFICULT",SAFETY,SAFETY,SAFETY_STOP,PASS,
07564b6df5b9,"PAIN_AFTER_SINGING,VOCAL_FATIGUE",SAFETY,SAFETY,SAFETY_STOP,PASS,
07564b6df5b9,"SPEAKING_DISCOMFORT,THROAT_EFFORT",SAFETY,SAFETY,SAFETY_STOP,PASS,
0ada85fffc84,PAIN_WHILE_SINGING,SAFETY,SAFETY,SAFETY_STOP,PASS,
0ada85fffc84,PAIN_AFTER_SINGING,SAFETY,SAFETY,SAFETY_STOP,PASS,
0ada85fffc84,SPEAKING_DISCOMFORT,SAFETY,SAFETY,SAFETY_STOP,PASS,
0ada85fffc84,PERSISTENT_HOARSENESS,SAFETY,SAFETY,SAFETY_STOP,PASS,
0ada85fffc84,"PAIN_WHILE_SINGING,HIGH_NOTE_FLIPS",SAFETY,SAFETY,SAFETY_STOP,PASS,
0ada85fffc84,"PAIN_WHILE_SINGING,HIGH_NOTE_TOO_EFFORTFUL",SAFETY,SAFETY,SAFETY_STOP,PASS,
0ada85fffc84,"PAIN_WHILE_SINGING,LOUD_VOICE_DIFFICULT",SAFETY,SAFETY,SAFETY_STOP,PASS,
0ada85fffc84,"PAIN_AFTER_SINGING,VOCAL_FATIGUE",SAFETY,SAFETY,SAFETY_STOP,PASS,
0ada85fffc84,"SPEAKING_DISCOMFORT,THROAT_EFFORT",SAFETY,SAFETY,SAFETY_STOP,PASS,
0ea5487c229a,PAIN_WHILE_SINGING,SAFETY,SAFETY,SAFETY_STOP,PASS,
0ea5487c229a,PAIN_AFTER_SINGING,SAFETY,SAFETY,SAFETY_STOP,PASS,
0ea5487c229a,SPEAKING_DISCOMFORT,SAFETY,SAFETY,SAFETY_STOP,PASS,
0ea5487c229a,PERSISTENT_HOARSENESS,SAFETY,SAFETY,SAFETY_STOP,PASS,
0ea5487c229a,"PAIN_WHILE_SINGING,HIGH_NOTE_FLIPS",SAFETY,SAFETY,SAFETY_STOP,PASS,
0ea5487c229a,"PAIN_WHILE_SINGING,HIGH_NOTE_TOO_EFFORTFUL",SAFETY,SAFETY,SAFETY_STOP,PASS,
0ea5487c229a,"PAIN_WHILE_SINGING,LOUD_VOICE_DIFFICULT",SAFETY,SAFETY,SAFETY_STOP,PASS,
0ea5487c229a,"PAIN_AFTER_SINGING,VOCAL_FATIGUE",SAFETY,SAFETY,SAFETY_STOP,PASS,
0ea5487c229a,"SPEAKING_DISCOMFORT,THROAT_EFFORT",SAFETY,SAFETY,SAFETY_STOP,PASS,
0f26db696e8e,PAIN_WHILE_SINGING,SAFETY,SAFETY,SAFETY_STOP,PASS,
0f26db696e8e,PAIN_AFTER_SINGING,SAFETY,SAFETY,SAFETY_STOP,PASS,
0f26db696e8e,SPEAKING_DISCOMFORT,SAFETY,SAFETY,SAFETY_STOP,PASS,
0f26db696e8e,PERSISTENT_HOARSENESS,SAFETY,SAFETY,SAFETY_STOP,PASS,
0f26db696e8e,"PAIN_WHILE_SINGING,HIGH_NOTE_FLIPS",SAFETY,SAFETY,SAFETY_STOP,PASS,
0f26db696e8e,"PAIN_WHILE_SINGING,HIGH_NOTE_TOO_EFFORTFUL",SAFETY,SAFETY,SAFETY_STOP,PASS,
0f26db696e8e,"PAIN_WHILE_SINGING,LOUD_VOICE_DIFFICULT",SAFETY,SAFETY,SAFETY_STOP,PASS,
0f26db696e8e,"PAIN_AFTER_SINGING,VOCAL_FATIGUE",SAFETY,SAFETY,SAFETY_STOP,PASS,
0f26db696e8e,"SPEAKING_DISCOMFORT,THROAT_EFFORT",SAFETY,SAFETY,SAFETY_STOP,PASS,
10d07cc48c55,PAIN_WHILE_SINGING,SAFETY,SAFETY,SAFETY_STOP,PASS,
10d07cc48c55,PAIN_AFTER_SINGING,SAFETY,SAFETY,SAFETY_STOP,PASS,
10d07cc48c55,SPEAKING_DISCOMFORT,SAFETY,SAFETY,SAFETY_STOP,PASS,
10d07cc48c55,PERSISTENT_HOARSENESS,SAFETY,SAFETY,SAFETY_STOP,PASS,
10d07cc48c55,"PAIN_WHILE_SINGING,HIGH_NOTE_FLIPS",SAFETY,SAFETY,SAFETY_STOP,PASS,
10d07cc48c55,"PAIN_WHILE_SINGING,HIGH_NOTE_TOO_EFFORTFUL",SAFETY,SAFETY,SAFETY_STOP,PASS,
10d07cc48c55,"PAIN_WHILE_SINGING,LOUD_VOICE_DIFFICULT",SAFETY,SAFETY,SAFETY_STOP,PASS,
10d07cc48c55,"PAIN_AFTER_SINGING,VOCAL_FATIGUE",SAFETY,SAFETY,SAFETY_STOP,PASS,
10d07cc48c55,"SPEAKING_DISCOMFORT,THROAT_EFFORT",SAFETY,SAFETY,SAFETY_STOP,PASS,
1387ae324719,PAIN_WHILE_SINGING,SAFETY,SAFETY,SAFETY_STOP,PASS,
1387ae324719,PAIN_AFTER_SINGING,SAFETY,SAFETY,SAFETY_STOP,PASS,
1387ae324719,SPEAKING_DISCOMFORT,SAFETY,SAFETY,SAFETY_STOP,PASS,
1387ae324719,PERSISTENT_HOARSENESS,SAFETY,SAFETY,SAFETY_STOP,PASS,
1387ae324719,"PAIN_WHILE_SINGING,HIGH_NOTE_FLIPS",SAFETY,SAFETY,SAFETY_STOP,PASS,
1387ae324719,"PAIN_WHILE_SINGING,HIGH_NOTE_TOO_EFFORTFUL",SAFETY,SAFETY,SAFETY_STOP,PASS,
1387ae324719,"PAIN_WHILE_SINGING,LOUD_VOICE_DIFFICULT",SAFETY,SAFETY,SAFETY_STOP,PASS,
1387ae324719,"PAIN_AFTER_SINGING,VOCAL_FATIGUE",SAFETY,SAFETY,SAFETY_STOP,PASS,
1387ae324719,"SPEAKING_DISCOMFORT,THROAT_EFFORT",SAFETY,SAFETY,SAFETY_STOP,PASS,
15f8e161f598,PAIN_WHILE_SINGING,SAFETY,SAFETY,SAFETY_STOP,PASS,
15f8e161f598,PAIN_AFTER_SINGING,SAFETY,SAFETY,SAFETY_STOP,PASS,
15f8e161f598,SPEAKING_DISCOMFORT,SAFETY,SAFETY,SAFETY_STOP,PASS,
15f8e161f598,PERSISTENT_HOARSENESS,SAFETY,SAFETY,SAFETY_STOP,PASS,
15f8e161f598,"PAIN_WHILE_SINGING,HIGH_NOTE_FLIPS",SAFETY,SAFETY,SAFETY_STOP,PASS,
15f8e161f598,"PAIN_WHILE_SINGING,HIGH_NOTE_TOO_EFFORTFUL",SAFETY,SAFETY,SAFETY_STOP,PASS,
15f8e161f598,"PAIN_WHILE_SINGING,LOUD_VOICE_DIFFICULT",SAFETY,SAFETY,SAFETY_STOP,PASS,
15f8e161f598,"PAIN_AFTER_SINGING,VOCAL_FATIGUE",SAFETY,SAFETY,SAFETY_STOP,PASS,
15f8e161f598,"SPEAKING_DISCOMFORT,THROAT_EFFORT",SAFETY,SAFETY,SAFETY_STOP,PASS,
16b7e83c0418,PAIN_WHILE_SINGING,SAFETY,SAFETY,SAFETY_STOP,PASS,
16b7e83c0418,PAIN_AFTER_SINGING,SAFETY,SAFETY,SAFETY_STOP,PASS,
16b7e83c0418,SPEAKING_DISCOMFORT,SAFETY,SAFETY,SAFETY_STOP,PASS,
16b7e83c0418,PERSISTENT_HOARSENESS,SAFETY,SAFETY,SAFETY_STOP,PASS,
16b7e83c0418,"PAIN_WHILE_SINGING,HIGH_NOTE_FLIPS",SAFETY,SAFETY,SAFETY_STOP,PASS,
16b7e83c0418,"PAIN_WHILE_SINGING,HIGH_NOTE_TOO_EFFORTFUL",SAFETY,SAFETY,SAFETY_STOP,PASS,
16b7e83c0418,"PAIN_WHILE_SINGING,LOUD_VOICE_DIFFICULT",SAFETY,SAFETY,SAFETY_STOP,PASS,
16b7e83c0418,"PAIN_AFTER_SINGING,VOCAL_FATIGUE",SAFETY,SAFETY,SAFETY_STOP,PASS,
16b7e83c0418,"SPEAKING_DISCOMFORT,THROAT_EFFORT",SAFETY,SAFETY,SAFETY_STOP,PASS,
2c9d61ebb9da,PAIN_WHILE_SINGING,SAFETY,SAFETY,SAFETY_STOP,PASS,
2c9d61ebb9da,PAIN_AFTER_SINGING,SAFETY,SAFETY,SAFETY_STOP,PASS,
2c9d61ebb9da,SPEAKING_DISCOMFORT,SAFETY,SAFETY,SAFETY_STOP,PASS,
2c9d61ebb9da,PERSISTENT_HOARSENESS,SAFETY,SAFETY,SAFETY_STOP,PASS,
2c9d61ebb9da,"PAIN_WHILE_SINGING,HIGH_NOTE_FLIPS",SAFETY,SAFETY,SAFETY_STOP,PASS,
2c9d61ebb9da,"PAIN_WHILE_SINGING,HIGH_NOTE_TOO_EFFORTFUL",SAFETY,SAFETY,SAFETY_STOP,PASS,
2c9d61ebb9da,"PAIN_WHILE_SINGING,LOUD_VOICE_DIFFICULT",SAFETY,SAFETY,SAFETY_STOP,PASS,
2c9d61ebb9da,"PAIN_AFTER_SINGING,VOCAL_FATIGUE",SAFETY,SAFETY,SAFETY_STOP,PASS,
2c9d61ebb9da,"SPEAKING_DISCOMFORT,THROAT_EFFORT",SAFETY,SAFETY,SAFETY_STOP,PASS,
357eeb649bd6,PAIN_WHILE_SINGING,SAFETY,SAFETY,SAFETY_STOP,PASS,
357eeb649bd6,PAIN_AFTER_SINGING,SAFETY,SAFETY,SAFETY_STOP,PASS,
357eeb649bd6,SPEAKING_DISCOMFORT,SAFETY,SAFETY,SAFETY_STOP,PASS,
357eeb649bd6,PERSISTENT_HOARSENESS,SAFETY,SAFETY,SAFETY_STOP,PASS,
357eeb649bd6,"PAIN_WHILE_SINGING,HIGH_NOTE_FLIPS",SAFETY,SAFETY,SAFETY_STOP,PASS,
357eeb649bd6,"PAIN_WHILE_SINGING,HIGH_NOTE_TOO_EFFORTFUL",SAFETY,SAFETY,SAFETY_STOP,PASS,
357eeb649bd6,"PAIN_WHILE_SINGING,LOUD_VOICE_DIFFICULT",SAFETY,SAFETY,SAFETY_STOP,PASS,
357eeb649bd6,"PAIN_AFTER_SINGING,VOCAL_FATIGUE",SAFETY,SAFETY,SAFETY_STOP,PASS,
357eeb649bd6,"SPEAKING_DISCOMFORT,THROAT_EFFORT",SAFETY,SAFETY,SAFETY_STOP,PASS,
36a7bd4286b4,PAIN_WHILE_SINGING,SAFETY,SAFETY,SAFETY_STOP,PASS,
36a7bd4286b4,PAIN_AFTER_SINGING,SAFETY,SAFETY,SAFETY_STOP,PASS,
36a7bd4286b4,SPEAKING_DISCOMFORT,SAFETY,SAFETY,SAFETY_STOP,PASS,
36a7bd4286b4,PERSISTENT_HOARSENESS,SAFETY,SAFETY,SAFETY_STOP,PASS,
36a7bd4286b4,"PAIN_WHILE_SINGING,HIGH_NOTE_FLIPS",SAFETY,SAFETY,SAFETY_STOP,PASS,
36a7bd4286b4,"PAIN_WHILE_SINGING,HIGH_NOTE_TOO_EFFORTFUL",SAFETY,SAFETY,SAFETY_STOP,PASS,
36a7bd4286b4,"PAIN_WHILE_SINGING,LOUD_VOICE_DIFFICULT",SAFETY,SAFETY,SAFETY_STOP,PASS,
36a7bd4286b4,"PAIN_AFTER_SINGING,VOCAL_FATIGUE",SAFETY,SAFETY,SAFETY_STOP,PASS,
36a7bd4286b4,"SPEAKING_DISCOMFORT,THROAT_EFFORT",SAFETY,SAFETY,SAFETY_STOP,PASS,
37db691d1416,PAIN_WHILE_SINGING,SAFETY,SAFETY,SAFETY_STOP,PASS,
37db691d1416,PAIN_AFTER_SINGING,SAFETY,SAFETY,SAFETY_STOP,PASS,
37db691d1416,SPEAKING_DISCOMFORT,SAFETY,SAFETY,SAFETY_STOP,PASS,
37db691d1416,PERSISTENT_HOARSENESS,SAFETY,SAFETY,SAFETY_STOP,PASS,
37db691d1416,"PAIN_WHILE_SINGING,HIGH_NOTE_FLIPS",SAFETY,SAFETY,SAFETY_STOP,PASS,
37db691d1416,"PAIN_WHILE_SINGING,HIGH_NOTE_TOO_EFFORTFUL",SAFETY,SAFETY,SAFETY_STOP,PASS,
37db691d1416,"PAIN_WHILE_SINGING,LOUD_VOICE_DIFFICULT",SAFETY,SAFETY,SAFETY_STOP,PASS,
37db691d1416,"PAIN_AFTER_SINGING,VOCAL_FATIGUE",SAFETY,SAFETY,SAFETY_STOP,PASS,
37db691d1416,"SPEAKING_DISCOMFORT,THROAT_EFFORT",SAFETY,SAFETY,SAFETY_STOP,PASS,
3ced1f723c5e,PAIN_WHILE_SINGING,SAFETY,SAFETY,SAFETY_STOP,PASS,
3ced1f723c5e,PAIN_AFTER_SINGING,SAFETY,SAFETY,SAFETY_STOP,PASS,
3ced1f723c5e,SPEAKING_DISCOMFORT,SAFETY,SAFETY,SAFETY_STOP,PASS,
3ced1f723c5e,PERSISTENT_HOARSENESS,SAFETY,SAFETY,SAFETY_STOP,PASS,
3ced1f723c5e,"PAIN_WHILE_SINGING,HIGH_NOTE_FLIPS",SAFETY,SAFETY,SAFETY_STOP,PASS,
3ced1f723c5e,"PAIN_WHILE_SINGING,HIGH_NOTE_TOO_EFFORTFUL",SAFETY,SAFETY,SAFETY_STOP,PASS,
3ced1f723c5e,"PAIN_WHILE_SINGING,LOUD_VOICE_DIFFICULT",SAFETY,SAFETY,SAFETY_STOP,PASS,
3ced1f723c5e,"PAIN_AFTER_SINGING,VOCAL_FATIGUE",SAFETY,SAFETY,SAFETY_STOP,PASS,
3ced1f723c5e,"SPEAKING_DISCOMFORT,THROAT_EFFORT",SAFETY,SAFETY,SAFETY_STOP,PASS,
40fb338380cc,PAIN_WHILE_SINGING,SAFETY,SAFETY,SAFETY_STOP,PASS,
40fb338380cc,PAIN_AFTER_SINGING,SAFETY,SAFETY,SAFETY_STOP,PASS,
40fb338380cc,SPEAKING_DISCOMFORT,SAFETY,SAFETY,SAFETY_STOP,PASS,
40fb338380cc,PERSISTENT_HOARSENESS,SAFETY,SAFETY,SAFETY_STOP,PASS,
40fb338380cc,"PAIN_WHILE_SINGING,HIGH_NOTE_FLIPS",SAFETY,SAFETY,SAFETY_STOP,PASS,
40fb338380cc,"PAIN_WHILE_SINGING,HIGH_NOTE_TOO_EFFORTFUL",SAFETY,SAFETY,SAFETY_STOP,PASS,
40fb338380cc,"PAIN_WHILE_SINGING,LOUD_VOICE_DIFFICULT",SAFETY,SAFETY,SAFETY_STOP,PASS,
40fb338380cc,"PAIN_AFTER_SINGING,VOCAL_FATIGUE",SAFETY,SAFETY,SAFETY_STOP,PASS,
40fb338380cc,"SPEAKING_DISCOMFORT,THROAT_EFFORT",SAFETY,SAFETY,SAFETY_STOP,PASS,
442202fca595,PAIN_WHILE_SINGING,SAFETY,SAFETY,SAFETY_STOP,PASS,
442202fca595,PAIN_AFTER_SINGING,SAFETY,SAFETY,SAFETY_STOP,PASS,
442202fca595,SPEAKING_DISCOMFORT,SAFETY,SAFETY,SAFETY_STOP,PASS,
442202fca595,PERSISTENT_HOARSENESS,SAFETY,SAFETY,SAFETY_STOP,PASS,
442202fca595,"PAIN_WHILE_SINGING,HIGH_NOTE_FLIPS",SAFETY,SAFETY,SAFETY_STOP,PASS,
442202fca595,"PAIN_WHILE_SINGING,HIGH_NOTE_TOO_EFFORTFUL",SAFETY,SAFETY,SAFETY_STOP,PASS,
442202fca595,"PAIN_WHILE_SINGING,LOUD_VOICE_DIFFICULT",SAFETY,SAFETY,SAFETY_STOP,PASS,
442202fca595,"PAIN_AFTER_SINGING,VOCAL_FATIGUE",SAFETY,SAFETY,SAFETY_STOP,PASS,
442202fca595,"SPEAKING_DISCOMFORT,THROAT_EFFORT",SAFETY,SAFETY,SAFETY_STOP,PASS,
54b972ad300a,PAIN_WHILE_SINGING,SAFETY,SAFETY,SAFETY_STOP,PASS,
54b972ad300a,PAIN_AFTER_SINGING,SAFETY,SAFETY,SAFETY_STOP,PASS,
54b972ad300a,SPEAKING_DISCOMFORT,SAFETY,SAFETY,SAFETY_STOP,PASS,
54b972ad300a,PERSISTENT_HOARSENESS,SAFETY,SAFETY,SAFETY_STOP,PASS,
54b972ad300a,"PAIN_WHILE_SINGING,HIGH_NOTE_FLIPS",SAFETY,SAFETY,SAFETY_STOP,PASS,
54b972ad300a,"PAIN_WHILE_SINGING,HIGH_NOTE_TOO_EFFORTFUL",SAFETY,SAFETY,SAFETY_STOP,PASS,
54b972ad300a,"PAIN_WHILE_SINGING,LOUD_VOICE_DIFFICULT",SAFETY,SAFETY,SAFETY_STOP,PASS,
54b972ad300a,"PAIN_AFTER_SINGING,VOCAL_FATIGUE",SAFETY,SAFETY,SAFETY_STOP,PASS,
54b972ad300a,"SPEAKING_DISCOMFORT,THROAT_EFFORT",SAFETY,SAFETY,SAFETY_STOP,PASS,
5662e8094f66,PAIN_WHILE_SINGING,SAFETY,SAFETY,SAFETY_STOP,PASS,
5662e8094f66,PAIN_AFTER_SINGING,SAFETY,SAFETY,SAFETY_STOP,PASS,
5662e8094f66,SPEAKING_DISCOMFORT,SAFETY,SAFETY,SAFETY_STOP,PASS,
5662e8094f66,PERSISTENT_HOARSENESS,SAFETY,SAFETY,SAFETY_STOP,PASS,
5662e8094f66,"PAIN_WHILE_SINGING,HIGH_NOTE_FLIPS",SAFETY,SAFETY,SAFETY_STOP,PASS,
5662e8094f66,"PAIN_WHILE_SINGING,HIGH_NOTE_TOO_EFFORTFUL",SAFETY,SAFETY,SAFETY_STOP,PASS,
5662e8094f66,"PAIN_WHILE_SINGING,LOUD_VOICE_DIFFICULT",SAFETY,SAFETY,SAFETY_STOP,PASS,
5662e8094f66,"PAIN_AFTER_SINGING,VOCAL_FATIGUE",SAFETY,SAFETY,SAFETY_STOP,PASS,
5662e8094f66,"SPEAKING_DISCOMFORT,THROAT_EFFORT",SAFETY,SAFETY,SAFETY_STOP,PASS,
5e7819c3abb4,PAIN_WHILE_SINGING,SAFETY,SAFETY,SAFETY_STOP,PASS,
5e7819c3abb4,PAIN_AFTER_SINGING,SAFETY,SAFETY,SAFETY_STOP,PASS,
5e7819c3abb4,SPEAKING_DISCOMFORT,SAFETY,SAFETY,SAFETY_STOP,PASS,
5e7819c3abb4,PERSISTENT_HOARSENESS,SAFETY,SAFETY,SAFETY_STOP,PASS,
5e7819c3abb4,"PAIN_WHILE_SINGING,HIGH_NOTE_FLIPS",SAFETY,SAFETY,SAFETY_STOP,PASS,
5e7819c3abb4,"PAIN_WHILE_SINGING,HIGH_NOTE_TOO_EFFORTFUL",SAFETY,SAFETY,SAFETY_STOP,PASS,
5e7819c3abb4,"PAIN_WHILE_SINGING,LOUD_VOICE_DIFFICULT",SAFETY,SAFETY,SAFETY_STOP,PASS,
5e7819c3abb4,"PAIN_AFTER_SINGING,VOCAL_FATIGUE",SAFETY,SAFETY,SAFETY_STOP,PASS,
5e7819c3abb4,"SPEAKING_DISCOMFORT,THROAT_EFFORT",SAFETY,SAFETY,SAFETY_STOP,PASS,
5fdfa9eb73e5,PAIN_WHILE_SINGING,SAFETY,SAFETY,SAFETY_STOP,PASS,
5fdfa9eb73e5,PAIN_AFTER_SINGING,SAFETY,SAFETY,SAFETY_STOP,PASS,
5fdfa9eb73e5,SPEAKING_DISCOMFORT,SAFETY,SAFETY,SAFETY_STOP,PASS,
5fdfa9eb73e5,PERSISTENT_HOARSENESS,SAFETY,SAFETY,SAFETY_STOP,PASS,
5fdfa9eb73e5,"PAIN_WHILE_SINGING,HIGH_NOTE_FLIPS",SAFETY,SAFETY,SAFETY_STOP,PASS,
5fdfa9eb73e5,"PAIN_WHILE_SINGING,HIGH_NOTE_TOO_EFFORTFUL",SAFETY,SAFETY,SAFETY_STOP,PASS,
5fdfa9eb73e5,"PAIN_WHILE_SINGING,LOUD_VOICE_DIFFICULT",SAFETY,SAFETY,SAFETY_STOP,PASS,
5fdfa9eb73e5,"PAIN_AFTER_SINGING,VOCAL_FATIGUE",SAFETY,SAFETY,SAFETY_STOP,PASS,
5fdfa9eb73e5,"SPEAKING_DISCOMFORT,THROAT_EFFORT",SAFETY,SAFETY,SAFETY_STOP,PASS,
6b3aa0d0ddfb,PAIN_WHILE_SINGING,SAFETY,SAFETY,SAFETY_STOP,PASS,
6b3aa0d0ddfb,PAIN_AFTER_SINGING,SAFETY,SAFETY,SAFETY_STOP,PASS,
6b3aa0d0ddfb,SPEAKING_DISCOMFORT,SAFETY,SAFETY,SAFETY_STOP,PASS,
6b3aa0d0ddfb,PERSISTENT_HOARSENESS,SAFETY,SAFETY,SAFETY_STOP,PASS,
6b3aa0d0ddfb,"PAIN_WHILE_SINGING,HIGH_NOTE_FLIPS",SAFETY,SAFETY,SAFETY_STOP,PASS,
6b3aa0d0ddfb,"PAIN_WHILE_SINGING,HIGH_NOTE_TOO_EFFORTFUL",SAFETY,SAFETY,SAFETY_STOP,PASS,
6b3aa0d0ddfb,"PAIN_WHILE_SINGING,LOUD_VOICE_DIFFICULT",SAFETY,SAFETY,SAFETY_STOP,PASS,
6b3aa0d0ddfb,"PAIN_AFTER_SINGING,VOCAL_FATIGUE",SAFETY,SAFETY,SAFETY_STOP,PASS,
6b3aa0d0ddfb,"SPEAKING_DISCOMFORT,THROAT_EFFORT",SAFETY,SAFETY,SAFETY_STOP,PASS,
6fb8c8208c80,PAIN_WHILE_SINGING,SAFETY,SAFETY,SAFETY_STOP,PASS,
6fb8c8208c80,PAIN_AFTER_SINGING,SAFETY,SAFETY,SAFETY_STOP,PASS,
6fb8c8208c80,SPEAKING_DISCOMFORT,SAFETY,SAFETY,SAFETY_STOP,PASS,
6fb8c8208c80,PERSISTENT_HOARSENESS,SAFETY,SAFETY,SAFETY_STOP,PASS,
6fb8c8208c80,"PAIN_WHILE_SINGING,HIGH_NOTE_FLIPS",SAFETY,SAFETY,SAFETY_STOP,PASS,
6fb8c8208c80,"PAIN_WHILE_SINGING,HIGH_NOTE_TOO_EFFORTFUL",SAFETY,SAFETY,SAFETY_STOP,PASS,
6fb8c8208c80,"PAIN_WHILE_SINGING,LOUD_VOICE_DIFFICULT",SAFETY,SAFETY,SAFETY_STOP,PASS,
6fb8c8208c80,"PAIN_AFTER_SINGING,VOCAL_FATIGUE",SAFETY,SAFETY,SAFETY_STOP,PASS,
6fb8c8208c80,"SPEAKING_DISCOMFORT,THROAT_EFFORT",SAFETY,SAFETY,SAFETY_STOP,PASS,
70479ec67665,PAIN_WHILE_SINGING,SAFETY,SAFETY,SAFETY_STOP,PASS,
70479ec67665,PAIN_AFTER_SINGING,SAFETY,SAFETY,SAFETY_STOP,PASS,
70479ec67665,SPEAKING_DISCOMFORT,SAFETY,SAFETY,SAFETY_STOP,PASS,
70479ec67665,PERSISTENT_HOARSENESS,SAFETY,SAFETY,SAFETY_STOP,PASS,
70479ec67665,"PAIN_WHILE_SINGING,HIGH_NOTE_FLIPS",SAFETY,SAFETY,SAFETY_STOP,PASS,
70479ec67665,"PAIN_WHILE_SINGING,HIGH_NOTE_TOO_EFFORTFUL",SAFETY,SAFETY,SAFETY_STOP,PASS,
70479ec67665,"PAIN_WHILE_SINGING,LOUD_VOICE_DIFFICULT",SAFETY,SAFETY,SAFETY_STOP,PASS,
70479ec67665,"PAIN_AFTER_SINGING,VOCAL_FATIGUE",SAFETY,SAFETY,SAFETY_STOP,PASS,
70479ec67665,"SPEAKING_DISCOMFORT,THROAT_EFFORT",SAFETY,SAFETY,SAFETY_STOP,PASS,
7436d634b9bf,PAIN_WHILE_SINGING,SAFETY,SAFETY,SAFETY_STOP,PASS,
7436d634b9bf,PAIN_AFTER_SINGING,SAFETY,SAFETY,SAFETY_STOP,PASS,
7436d634b9bf,SPEAKING_DISCOMFORT,SAFETY,SAFETY,SAFETY_STOP,PASS,
7436d634b9bf,PERSISTENT_HOARSENESS,SAFETY,SAFETY,SAFETY_STOP,PASS,
7436d634b9bf,"PAIN_WHILE_SINGING,HIGH_NOTE_FLIPS",SAFETY,SAFETY,SAFETY_STOP,PASS,
7436d634b9bf,"PAIN_WHILE_SINGING,HIGH_NOTE_TOO_EFFORTFUL",SAFETY,SAFETY,SAFETY_STOP,PASS,
7436d634b9bf,"PAIN_WHILE_SINGING,LOUD_VOICE_DIFFICULT",SAFETY,SAFETY,SAFETY_STOP,PASS,
7436d634b9bf,"PAIN_AFTER_SINGING,VOCAL_FATIGUE",SAFETY,SAFETY,SAFETY_STOP,PASS,
7436d634b9bf,"SPEAKING_DISCOMFORT,THROAT_EFFORT",SAFETY,SAFETY,SAFETY_STOP,PASS,
7abf49d0b4cd,PAIN_WHILE_SINGING,SAFETY,SAFETY,SAFETY_STOP,PASS,
7abf49d0b4cd,PAIN_AFTER_SINGING,SAFETY,SAFETY,SAFETY_STOP,PASS,
7abf49d0b4cd,SPEAKING_DISCOMFORT,SAFETY,SAFETY,SAFETY_STOP,PASS,
7abf49d0b4cd,PERSISTENT_HOARSENESS,SAFETY,SAFETY,SAFETY_STOP,PASS,
7abf49d0b4cd,"PAIN_WHILE_SINGING,HIGH_NOTE_FLIPS",SAFETY,SAFETY,SAFETY_STOP,PASS,
7abf49d0b4cd,"PAIN_WHILE_SINGING,HIGH_NOTE_TOO_EFFORTFUL",SAFETY,SAFETY,SAFETY_STOP,PASS,
7abf49d0b4cd,"PAIN_WHILE_SINGING,LOUD_VOICE_DIFFICULT",SAFETY,SAFETY,SAFETY_STOP,PASS,
7abf49d0b4cd,"PAIN_AFTER_SINGING,VOCAL_FATIGUE",SAFETY,SAFETY,SAFETY_STOP,PASS,
7abf49d0b4cd,"SPEAKING_DISCOMFORT,THROAT_EFFORT",SAFETY,SAFETY,SAFETY_STOP,PASS,
7b8c45cdd16b,PAIN_WHILE_SINGING,SAFETY,SAFETY,SAFETY_STOP,PASS,
7b8c45cdd16b,PAIN_AFTER_SINGING,SAFETY,SAFETY,SAFETY_STOP,PASS,
7b8c45cdd16b,SPEAKING_DISCOMFORT,SAFETY,SAFETY,SAFETY_STOP,PASS,
7b8c45cdd16b,PERSISTENT_HOARSENESS,SAFETY,SAFETY,SAFETY_STOP,PASS,
7b8c45cdd16b,"PAIN_WHILE_SINGING,HIGH_NOTE_FLIPS",SAFETY,SAFETY,SAFETY_STOP,PASS,
7b8c45cdd16b,"PAIN_WHILE_SINGING,HIGH_NOTE_TOO_EFFORTFUL",SAFETY,SAFETY,SAFETY_STOP,PASS,
7b8c45cdd16b,"PAIN_WHILE_SINGING,LOUD_VOICE_DIFFICULT",SAFETY,SAFETY,SAFETY_STOP,PASS,
7b8c45cdd16b,"PAIN_AFTER_SINGING,VOCAL_FATIGUE",SAFETY,SAFETY,SAFETY_STOP,PASS,
7b8c45cdd16b,"SPEAKING_DISCOMFORT,THROAT_EFFORT",SAFETY,SAFETY,SAFETY_STOP,PASS,
8156c1254947,PAIN_WHILE_SINGING,SAFETY,SAFETY,SAFETY_STOP,PASS,
8156c1254947,PAIN_AFTER_SINGING,SAFETY,SAFETY,SAFETY_STOP,PASS,
8156c1254947,SPEAKING_DISCOMFORT,SAFETY,SAFETY,SAFETY_STOP,PASS,
8156c1254947,PERSISTENT_HOARSENESS,SAFETY,SAFETY,SAFETY_STOP,PASS,
8156c1254947,"PAIN_WHILE_SINGING,HIGH_NOTE_FLIPS",SAFETY,SAFETY,SAFETY_STOP,PASS,
8156c1254947,"PAIN_WHILE_SINGING,HIGH_NOTE_TOO_EFFORTFUL",SAFETY,SAFETY,SAFETY_STOP,PASS,
8156c1254947,"PAIN_WHILE_SINGING,LOUD_VOICE_DIFFICULT",SAFETY,SAFETY,SAFETY_STOP,PASS,
8156c1254947,"PAIN_AFTER_SINGING,VOCAL_FATIGUE",SAFETY,SAFETY,SAFETY_STOP,PASS,
8156c1254947,"SPEAKING_DISCOMFORT,THROAT_EFFORT",SAFETY,SAFETY,SAFETY_STOP,PASS,
882c5cd5a0c8,PAIN_WHILE_SINGING,SAFETY,SAFETY,SAFETY_STOP,PASS,
882c5cd5a0c8,PAIN_AFTER_SINGING,SAFETY,SAFETY,SAFETY_STOP,PASS,
882c5cd5a0c8,SPEAKING_DISCOMFORT,SAFETY,SAFETY,SAFETY_STOP,PASS,
882c5cd5a0c8,PERSISTENT_HOARSENESS,SAFETY,SAFETY,SAFETY_STOP,PASS,
882c5cd5a0c8,"PAIN_WHILE_SINGING,HIGH_NOTE_FLIPS",SAFETY,SAFETY,SAFETY_STOP,PASS,
882c5cd5a0c8,"PAIN_WHILE_SINGING,HIGH_NOTE_TOO_EFFORTFUL",SAFETY,SAFETY,SAFETY_STOP,PASS,
882c5cd5a0c8,"PAIN_WHILE_SINGING,LOUD_VOICE_DIFFICULT",SAFETY,SAFETY,SAFETY_STOP,PASS,
882c5cd5a0c8,"PAIN_AFTER_SINGING,VOCAL_FATIGUE",SAFETY,SAFETY,SAFETY_STOP,PASS,
882c5cd5a0c8,"SPEAKING_DISCOMFORT,THROAT_EFFORT",SAFETY,SAFETY,SAFETY_STOP,PASS,
8b5617784c9c,PAIN_WHILE_SINGING,SAFETY,SAFETY,SAFETY_STOP,PASS,
8b5617784c9c,PAIN_AFTER_SINGING,SAFETY,SAFETY,SAFETY_STOP,PASS,
8b5617784c9c,SPEAKING_DISCOMFORT,SAFETY,SAFETY,SAFETY_STOP,PASS,
8b5617784c9c,PERSISTENT_HOARSENESS,SAFETY,SAFETY,SAFETY_STOP,PASS,
8b5617784c9c,"PAIN_WHILE_SINGING,HIGH_NOTE_FLIPS",SAFETY,SAFETY,SAFETY_STOP,PASS,
8b5617784c9c,"PAIN_WHILE_SINGING,HIGH_NOTE_TOO_EFFORTFUL",SAFETY,SAFETY,SAFETY_STOP,PASS,
8b5617784c9c,"PAIN_WHILE_SINGING,LOUD_VOICE_DIFFICULT",SAFETY,SAFETY,SAFETY_STOP,PASS,
8b5617784c9c,"PAIN_AFTER_SINGING,VOCAL_FATIGUE",SAFETY,SAFETY,SAFETY_STOP,PASS,
8b5617784c9c,"SPEAKING_DISCOMFORT,THROAT_EFFORT",SAFETY,SAFETY,SAFETY_STOP,PASS,
90147c986aae,PAIN_WHILE_SINGING,SAFETY,SAFETY,SAFETY_STOP,PASS,
90147c986aae,PAIN_AFTER_SINGING,SAFETY,SAFETY,SAFETY_STOP,PASS,
90147c986aae,SPEAKING_DISCOMFORT,SAFETY,SAFETY,SAFETY_STOP,PASS,
90147c986aae,PERSISTENT_HOARSENESS,SAFETY,SAFETY,SAFETY_STOP,PASS,
90147c986aae,"PAIN_WHILE_SINGING,HIGH_NOTE_FLIPS",SAFETY,SAFETY,SAFETY_STOP,PASS,
90147c986aae,"PAIN_WHILE_SINGING,HIGH_NOTE_TOO_EFFORTFUL",SAFETY,SAFETY,SAFETY_STOP,PASS,
90147c986aae,"PAIN_WHILE_SINGING,LOUD_VOICE_DIFFICULT",SAFETY,SAFETY,SAFETY_STOP,PASS,
90147c986aae,"PAIN_AFTER_SINGING,VOCAL_FATIGUE",SAFETY,SAFETY,SAFETY_STOP,PASS,
90147c986aae,"SPEAKING_DISCOMFORT,THROAT_EFFORT",SAFETY,SAFETY,SAFETY_STOP,PASS,
90ac5e34aedd,PAIN_WHILE_SINGING,SAFETY,SAFETY,SAFETY_STOP,PASS,
90ac5e34aedd,PAIN_AFTER_SINGING,SAFETY,SAFETY,SAFETY_STOP,PASS,
90ac5e34aedd,SPEAKING_DISCOMFORT,SAFETY,SAFETY,SAFETY_STOP,PASS,
90ac5e34aedd,PERSISTENT_HOARSENESS,SAFETY,SAFETY,SAFETY_STOP,PASS,
90ac5e34aedd,"PAIN_WHILE_SINGING,HIGH_NOTE_FLIPS",SAFETY,SAFETY,SAFETY_STOP,PASS,
90ac5e34aedd,"PAIN_WHILE_SINGING,HIGH_NOTE_TOO_EFFORTFUL",SAFETY,SAFETY,SAFETY_STOP,PASS,
90ac5e34aedd,"PAIN_WHILE_SINGING,LOUD_VOICE_DIFFICULT",SAFETY,SAFETY,SAFETY_STOP,PASS,
90ac5e34aedd,"PAIN_AFTER_SINGING,VOCAL_FATIGUE",SAFETY,SAFETY,SAFETY_STOP,PASS,
90ac5e34aedd,"SPEAKING_DISCOMFORT,THROAT_EFFORT",SAFETY,SAFETY,SAFETY_STOP,PASS,
95b54db5ba3d,PAIN_WHILE_SINGING,SAFETY,SAFETY,SAFETY_STOP,PASS,
95b54db5ba3d,PAIN_AFTER_SINGING,SAFETY,SAFETY,SAFETY_STOP,PASS,
95b54db5ba3d,SPEAKING_DISCOMFORT,SAFETY,SAFETY,SAFETY_STOP,PASS,
95b54db5ba3d,PERSISTENT_HOARSENESS,SAFETY,SAFETY,SAFETY_STOP,PASS,
95b54db5ba3d,"PAIN_WHILE_SINGING,HIGH_NOTE_FLIPS",SAFETY,SAFETY,SAFETY_STOP,PASS,
95b54db5ba3d,"PAIN_WHILE_SINGING,HIGH_NOTE_TOO_EFFORTFUL",SAFETY,SAFETY,SAFETY_STOP,PASS,
95b54db5ba3d,"PAIN_WHILE_SINGING,LOUD_VOICE_DIFFICULT",SAFETY,SAFETY,SAFETY_STOP,PASS,
95b54db5ba3d,"PAIN_AFTER_SINGING,VOCAL_FATIGUE",SAFETY,SAFETY,SAFETY_STOP,PASS,
95b54db5ba3d,"SPEAKING_DISCOMFORT,THROAT_EFFORT",SAFETY,SAFETY,SAFETY_STOP,PASS,
983379d1fe46,PAIN_WHILE_SINGING,SAFETY,SAFETY,SAFETY_STOP,PASS,
983379d1fe46,PAIN_AFTER_SINGING,SAFETY,SAFETY,SAFETY_STOP,PASS,
983379d1fe46,SPEAKING_DISCOMFORT,SAFETY,SAFETY,SAFETY_STOP,PASS,
983379d1fe46,PERSISTENT_HOARSENESS,SAFETY,SAFETY,SAFETY_STOP,PASS,
983379d1fe46,"PAIN_WHILE_SINGING,HIGH_NOTE_FLIPS",SAFETY,SAFETY,SAFETY_STOP,PASS,
983379d1fe46,"PAIN_WHILE_SINGING,HIGH_NOTE_TOO_EFFORTFUL",SAFETY,SAFETY,SAFETY_STOP,PASS,
983379d1fe46,"PAIN_WHILE_SINGING,LOUD_VOICE_DIFFICULT",SAFETY,SAFETY,SAFETY_STOP,PASS,
983379d1fe46,"PAIN_AFTER_SINGING,VOCAL_FATIGUE",SAFETY,SAFETY,SAFETY_STOP,PASS,
983379d1fe46,"SPEAKING_DISCOMFORT,THROAT_EFFORT",SAFETY,SAFETY,SAFETY_STOP,PASS,
99023e55f0f5,PAIN_WHILE_SINGING,SAFETY,SAFETY,SAFETY_STOP,PASS,
99023e55f0f5,PAIN_AFTER_SINGING,SAFETY,SAFETY,SAFETY_STOP,PASS,
99023e55f0f5,SPEAKING_DISCOMFORT,SAFETY,SAFETY,SAFETY_STOP,PASS,
99023e55f0f5,PERSISTENT_HOARSENESS,SAFETY,SAFETY,SAFETY_STOP,PASS,
99023e55f0f5,"PAIN_WHILE_SINGING,HIGH_NOTE_FLIPS",SAFETY,SAFETY,SAFETY_STOP,PASS,
99023e55f0f5,"PAIN_WHILE_SINGING,HIGH_NOTE_TOO_EFFORTFUL",SAFETY,SAFETY,SAFETY_STOP,PASS,
99023e55f0f5,"PAIN_WHILE_SINGING,LOUD_VOICE_DIFFICULT",SAFETY,SAFETY,SAFETY_STOP,PASS,
99023e55f0f5,"PAIN_AFTER_SINGING,VOCAL_FATIGUE",SAFETY,SAFETY,SAFETY_STOP,PASS,
99023e55f0f5,"SPEAKING_DISCOMFORT,THROAT_EFFORT",SAFETY,SAFETY,SAFETY_STOP,PASS,
9e6b39daf637,PAIN_WHILE_SINGING,SAFETY,SAFETY,SAFETY_STOP,PASS,
9e6b39daf637,PAIN_AFTER_SINGING,SAFETY,SAFETY,SAFETY_STOP,PASS,
9e6b39daf637,SPEAKING_DISCOMFORT,SAFETY,SAFETY,SAFETY_STOP,PASS,
9e6b39daf637,PERSISTENT_HOARSENESS,SAFETY,SAFETY,SAFETY_STOP,PASS,
9e6b39daf637,"PAIN_WHILE_SINGING,HIGH_NOTE_FLIPS",SAFETY,SAFETY,SAFETY_STOP,PASS,
9e6b39daf637,"PAIN_WHILE_SINGING,HIGH_NOTE_TOO_EFFORTFUL",SAFETY,SAFETY,SAFETY_STOP,PASS,
9e6b39daf637,"PAIN_WHILE_SINGING,LOUD_VOICE_DIFFICULT",SAFETY,SAFETY,SAFETY_STOP,PASS,
9e6b39daf637,"PAIN_AFTER_SINGING,VOCAL_FATIGUE",SAFETY,SAFETY,SAFETY_STOP,PASS,
9e6b39daf637,"SPEAKING_DISCOMFORT,THROAT_EFFORT",SAFETY,SAFETY,SAFETY_STOP,PASS,
a29f829eedd0,PAIN_WHILE_SINGING,SAFETY,SAFETY,SAFETY_STOP,PASS,
a29f829eedd0,PAIN_AFTER_SINGING,SAFETY,SAFETY,SAFETY_STOP,PASS,
a29f829eedd0,SPEAKING_DISCOMFORT,SAFETY,SAFETY,SAFETY_STOP,PASS,
a29f829eedd0,PERSISTENT_HOARSENESS,SAFETY,SAFETY,SAFETY_STOP,PASS,
a29f829eedd0,"PAIN_WHILE_SINGING,HIGH_NOTE_FLIPS",SAFETY,SAFETY,SAFETY_STOP,PASS,
a29f829eedd0,"PAIN_WHILE_SINGING,HIGH_NOTE_TOO_EFFORTFUL",SAFETY,SAFETY,SAFETY_STOP,PASS,
a29f829eedd0,"PAIN_WHILE_SINGING,LOUD_VOICE_DIFFICULT",SAFETY,SAFETY,SAFETY_STOP,PASS,
a29f829eedd0,"PAIN_AFTER_SINGING,VOCAL_FATIGUE",SAFETY,SAFETY,SAFETY_STOP,PASS,
a29f829eedd0,"SPEAKING_DISCOMFORT,THROAT_EFFORT",SAFETY,SAFETY,SAFETY_STOP,PASS,
a69d81db3e48,PAIN_WHILE_SINGING,SAFETY,SAFETY,SAFETY_STOP,PASS,
a69d81db3e48,PAIN_AFTER_SINGING,SAFETY,SAFETY,SAFETY_STOP,PASS,
a69d81db3e48,SPEAKING_DISCOMFORT,SAFETY,SAFETY,SAFETY_STOP,PASS,
a69d81db3e48,PERSISTENT_HOARSENESS,SAFETY,SAFETY,SAFETY_STOP,PASS,
a69d81db3e48,"PAIN_WHILE_SINGING,HIGH_NOTE_FLIPS",SAFETY,SAFETY,SAFETY_STOP,PASS,
a69d81db3e48,"PAIN_WHILE_SINGING,HIGH_NOTE_TOO_EFFORTFUL",SAFETY,SAFETY,SAFETY_STOP,PASS,
a69d81db3e48,"PAIN_WHILE_SINGING,LOUD_VOICE_DIFFICULT",SAFETY,SAFETY,SAFETY_STOP,PASS,
a69d81db3e48,"PAIN_AFTER_SINGING,VOCAL_FATIGUE",SAFETY,SAFETY,SAFETY_STOP,PASS,
a69d81db3e48,"SPEAKING_DISCOMFORT,THROAT_EFFORT",SAFETY,SAFETY,SAFETY_STOP,PASS,
a77ba822cbfe,PAIN_WHILE_SINGING,SAFETY,SAFETY,SAFETY_STOP,PASS,
a77ba822cbfe,PAIN_AFTER_SINGING,SAFETY,SAFETY,SAFETY_STOP,PASS,
a77ba822cbfe,SPEAKING_DISCOMFORT,SAFETY,SAFETY,SAFETY_STOP,PASS,
a77ba822cbfe,PERSISTENT_HOARSENESS,SAFETY,SAFETY,SAFETY_STOP,PASS,
a77ba822cbfe,"PAIN_WHILE_SINGING,HIGH_NOTE_FLIPS",SAFETY,SAFETY,SAFETY_STOP,PASS,
a77ba822cbfe,"PAIN_WHILE_SINGING,HIGH_NOTE_TOO_EFFORTFUL",SAFETY,SAFETY,SAFETY_STOP,PASS,
a77ba822cbfe,"PAIN_WHILE_SINGING,LOUD_VOICE_DIFFICULT",SAFETY,SAFETY,SAFETY_STOP,PASS,
a77ba822cbfe,"PAIN_AFTER_SINGING,VOCAL_FATIGUE",SAFETY,SAFETY,SAFETY_STOP,PASS,
a77ba822cbfe,"SPEAKING_DISCOMFORT,THROAT_EFFORT",SAFETY,SAFETY,SAFETY_STOP,PASS,
a7c957603751,PAIN_WHILE_SINGING,SAFETY,SAFETY,SAFETY_STOP,PASS,
a7c957603751,PAIN_AFTER_SINGING,SAFETY,SAFETY,SAFETY_STOP,PASS,
a7c957603751,SPEAKING_DISCOMFORT,SAFETY,SAFETY,SAFETY_STOP,PASS,
a7c957603751,PERSISTENT_HOARSENESS,SAFETY,SAFETY,SAFETY_STOP,PASS,
a7c957603751,"PAIN_WHILE_SINGING,HIGH_NOTE_FLIPS",SAFETY,SAFETY,SAFETY_STOP,PASS,
a7c957603751,"PAIN_WHILE_SINGING,HIGH_NOTE_TOO_EFFORTFUL",SAFETY,SAFETY,SAFETY_STOP,PASS,
a7c957603751,"PAIN_WHILE_SINGING,LOUD_VOICE_DIFFICULT",SAFETY,SAFETY,SAFETY_STOP,PASS,
a7c957603751,"PAIN_AFTER_SINGING,VOCAL_FATIGUE",SAFETY,SAFETY,SAFETY_STOP,PASS,
a7c957603751,"SPEAKING_DISCOMFORT,THROAT_EFFORT",SAFETY,SAFETY,SAFETY_STOP,PASS,
a888cb14dd6a,PAIN_WHILE_SINGING,SAFETY,SAFETY,SAFETY_STOP,PASS,
a888cb14dd6a,PAIN_AFTER_SINGING,SAFETY,SAFETY,SAFETY_STOP,PASS,
a888cb14dd6a,SPEAKING_DISCOMFORT,SAFETY,SAFETY,SAFETY_STOP,PASS,
a888cb14dd6a,PERSISTENT_HOARSENESS,SAFETY,SAFETY,SAFETY_STOP,PASS,
a888cb14dd6a,"PAIN_WHILE_SINGING,HIGH_NOTE_FLIPS",SAFETY,SAFETY,SAFETY_STOP,PASS,
a888cb14dd6a,"PAIN_WHILE_SINGING,HIGH_NOTE_TOO_EFFORTFUL",SAFETY,SAFETY,SAFETY_STOP,PASS,
a888cb14dd6a,"PAIN_WHILE_SINGING,LOUD_VOICE_DIFFICULT",SAFETY,SAFETY,SAFETY_STOP,PASS,
a888cb14dd6a,"PAIN_AFTER_SINGING,VOCAL_FATIGUE",SAFETY,SAFETY,SAFETY_STOP,PASS,
a888cb14dd6a,"SPEAKING_DISCOMFORT,THROAT_EFFORT",SAFETY,SAFETY,SAFETY_STOP,PASS,
aba38287641d,PAIN_WHILE_SINGING,SAFETY,SAFETY,SAFETY_STOP,PASS,
aba38287641d,PAIN_AFTER_SINGING,SAFETY,SAFETY,SAFETY_STOP,PASS,
aba38287641d,SPEAKING_DISCOMFORT,SAFETY,SAFETY,SAFETY_STOP,PASS,
aba38287641d,PERSISTENT_HOARSENESS,SAFETY,SAFETY,SAFETY_STOP,PASS,
aba38287641d,"PAIN_WHILE_SINGING,HIGH_NOTE_FLIPS",SAFETY,SAFETY,SAFETY_STOP,PASS,
aba38287641d,"PAIN_WHILE_SINGING,HIGH_NOTE_TOO_EFFORTFUL",SAFETY,SAFETY,SAFETY_STOP,PASS,
aba38287641d,"PAIN_WHILE_SINGING,LOUD_VOICE_DIFFICULT",SAFETY,SAFETY,SAFETY_STOP,PASS,
aba38287641d,"PAIN_AFTER_SINGING,VOCAL_FATIGUE",SAFETY,SAFETY,SAFETY_STOP,PASS,
aba38287641d,"SPEAKING_DISCOMFORT,THROAT_EFFORT",SAFETY,SAFETY,SAFETY_STOP,PASS,
aef8b974cfb0,PAIN_WHILE_SINGING,SAFETY,SAFETY,SAFETY_STOP,PASS,
aef8b974cfb0,PAIN_AFTER_SINGING,SAFETY,SAFETY,SAFETY_STOP,PASS,
aef8b974cfb0,SPEAKING_DISCOMFORT,SAFETY,SAFETY,SAFETY_STOP,PASS,
aef8b974cfb0,PERSISTENT_HOARSENESS,SAFETY,SAFETY,SAFETY_STOP,PASS,
aef8b974cfb0,"PAIN_WHILE_SINGING,HIGH_NOTE_FLIPS",SAFETY,SAFETY,SAFETY_STOP,PASS,
aef8b974cfb0,"PAIN_WHILE_SINGING,HIGH_NOTE_TOO_EFFORTFUL",SAFETY,SAFETY,SAFETY_STOP,PASS,
aef8b974cfb0,"PAIN_WHILE_SINGING,LOUD_VOICE_DIFFICULT",SAFETY,SAFETY,SAFETY_STOP,PASS,
aef8b974cfb0,"PAIN_AFTER_SINGING,VOCAL_FATIGUE",SAFETY,SAFETY,SAFETY_STOP,PASS,
aef8b974cfb0,"SPEAKING_DISCOMFORT,THROAT_EFFORT",SAFETY,SAFETY,SAFETY_STOP,PASS,
b4b7ce279c98,PAIN_WHILE_SINGING,SAFETY,SAFETY,SAFETY_STOP,PASS,
b4b7ce279c98,PAIN_AFTER_SINGING,SAFETY,SAFETY,SAFETY_STOP,PASS,
b4b7ce279c98,SPEAKING_DISCOMFORT,SAFETY,SAFETY,SAFETY_STOP,PASS,
b4b7ce279c98,PERSISTENT_HOARSENESS,SAFETY,SAFETY,SAFETY_STOP,PASS,
b4b7ce279c98,"PAIN_WHILE_SINGING,HIGH_NOTE_FLIPS",SAFETY,SAFETY,SAFETY_STOP,PASS,
b4b7ce279c98,"PAIN_WHILE_SINGING,HIGH_NOTE_TOO_EFFORTFUL",SAFETY,SAFETY,SAFETY_STOP,PASS,
b4b7ce279c98,"PAIN_WHILE_SINGING,LOUD_VOICE_DIFFICULT",SAFETY,SAFETY,SAFETY_STOP,PASS,
b4b7ce279c98,"PAIN_AFTER_SINGING,VOCAL_FATIGUE",SAFETY,SAFETY,SAFETY_STOP,PASS,
b4b7ce279c98,"SPEAKING_DISCOMFORT,THROAT_EFFORT",SAFETY,SAFETY,SAFETY_STOP,PASS,
b960707ab2f6,PAIN_WHILE_SINGING,SAFETY,SAFETY,SAFETY_STOP,PASS,
b960707ab2f6,PAIN_AFTER_SINGING,SAFETY,SAFETY,SAFETY_STOP,PASS,
b960707ab2f6,SPEAKING_DISCOMFORT,SAFETY,SAFETY,SAFETY_STOP,PASS,
b960707ab2f6,PERSISTENT_HOARSENESS,SAFETY,SAFETY,SAFETY_STOP,PASS,
b960707ab2f6,"PAIN_WHILE_SINGING,HIGH_NOTE_FLIPS",SAFETY,SAFETY,SAFETY_STOP,PASS,
b960707ab2f6,"PAIN_WHILE_SINGING,HIGH_NOTE_TOO_EFFORTFUL",SAFETY,SAFETY,SAFETY_STOP,PASS,
b960707ab2f6,"PAIN_WHILE_SINGING,LOUD_VOICE_DIFFICULT",SAFETY,SAFETY,SAFETY_STOP,PASS,
b960707ab2f6,"PAIN_AFTER_SINGING,VOCAL_FATIGUE",SAFETY,SAFETY,SAFETY_STOP,PASS,
b960707ab2f6,"SPEAKING_DISCOMFORT,THROAT_EFFORT",SAFETY,SAFETY,SAFETY_STOP,PASS,
b9ff5bf02262,PAIN_WHILE_SINGING,SAFETY,SAFETY,SAFETY_STOP,PASS,
b9ff5bf02262,PAIN_AFTER_SINGING,SAFETY,SAFETY,SAFETY_STOP,PASS,
b9ff5bf02262,SPEAKING_DISCOMFORT,SAFETY,SAFETY,SAFETY_STOP,PASS,
b9ff5bf02262,PERSISTENT_HOARSENESS,SAFETY,SAFETY,SAFETY_STOP,PASS,
b9ff5bf02262,"PAIN_WHILE_SINGING,HIGH_NOTE_FLIPS",SAFETY,SAFETY,SAFETY_STOP,PASS,
b9ff5bf02262,"PAIN_WHILE_SINGING,HIGH_NOTE_TOO_EFFORTFUL",SAFETY,SAFETY,SAFETY_STOP,PASS,
b9ff5bf02262,"PAIN_WHILE_SINGING,LOUD_VOICE_DIFFICULT",SAFETY,SAFETY,SAFETY_STOP,PASS,
b9ff5bf02262,"PAIN_AFTER_SINGING,VOCAL_FATIGUE",SAFETY,SAFETY,SAFETY_STOP,PASS,
b9ff5bf02262,"SPEAKING_DISCOMFORT,THROAT_EFFORT",SAFETY,SAFETY,SAFETY_STOP,PASS,
bdb75679732a,PAIN_WHILE_SINGING,SAFETY,SAFETY,SAFETY_STOP,PASS,
bdb75679732a,PAIN_AFTER_SINGING,SAFETY,SAFETY,SAFETY_STOP,PASS,
bdb75679732a,SPEAKING_DISCOMFORT,SAFETY,SAFETY,SAFETY_STOP,PASS,
bdb75679732a,PERSISTENT_HOARSENESS,SAFETY,SAFETY,SAFETY_STOP,PASS,
bdb75679732a,"PAIN_WHILE_SINGING,HIGH_NOTE_FLIPS",SAFETY,SAFETY,SAFETY_STOP,PASS,
bdb75679732a,"PAIN_WHILE_SINGING,HIGH_NOTE_TOO_EFFORTFUL",SAFETY,SAFETY,SAFETY_STOP,PASS,
bdb75679732a,"PAIN_WHILE_SINGING,LOUD_VOICE_DIFFICULT",SAFETY,SAFETY,SAFETY_STOP,PASS,
bdb75679732a,"PAIN_AFTER_SINGING,VOCAL_FATIGUE",SAFETY,SAFETY,SAFETY_STOP,PASS,
bdb75679732a,"SPEAKING_DISCOMFORT,THROAT_EFFORT",SAFETY,SAFETY,SAFETY_STOP,PASS,
c01fc220195f,PAIN_WHILE_SINGING,SAFETY,SAFETY,SAFETY_STOP,PASS,
c01fc220195f,PAIN_AFTER_SINGING,SAFETY,SAFETY,SAFETY_STOP,PASS,
c01fc220195f,SPEAKING_DISCOMFORT,SAFETY,SAFETY,SAFETY_STOP,PASS,
c01fc220195f,PERSISTENT_HOARSENESS,SAFETY,SAFETY,SAFETY_STOP,PASS,
c01fc220195f,"PAIN_WHILE_SINGING,HIGH_NOTE_FLIPS",SAFETY,SAFETY,SAFETY_STOP,PASS,
c01fc220195f,"PAIN_WHILE_SINGING,HIGH_NOTE_TOO_EFFORTFUL",SAFETY,SAFETY,SAFETY_STOP,PASS,
c01fc220195f,"PAIN_WHILE_SINGING,LOUD_VOICE_DIFFICULT",SAFETY,SAFETY,SAFETY_STOP,PASS,
c01fc220195f,"PAIN_AFTER_SINGING,VOCAL_FATIGUE",SAFETY,SAFETY,SAFETY_STOP,PASS,
c01fc220195f,"SPEAKING_DISCOMFORT,THROAT_EFFORT",SAFETY,SAFETY,SAFETY_STOP,PASS,
c1815547c828,PAIN_WHILE_SINGING,SAFETY,SAFETY,SAFETY_STOP,PASS,
c1815547c828,PAIN_AFTER_SINGING,SAFETY,SAFETY,SAFETY_STOP,PASS,
c1815547c828,SPEAKING_DISCOMFORT,SAFETY,SAFETY,SAFETY_STOP,PASS,
c1815547c828,PERSISTENT_HOARSENESS,SAFETY,SAFETY,SAFETY_STOP,PASS,
c1815547c828,"PAIN_WHILE_SINGING,HIGH_NOTE_FLIPS",SAFETY,SAFETY,SAFETY_STOP,PASS,
c1815547c828,"PAIN_WHILE_SINGING,HIGH_NOTE_TOO_EFFORTFUL",SAFETY,SAFETY,SAFETY_STOP,PASS,
c1815547c828,"PAIN_WHILE_SINGING,LOUD_VOICE_DIFFICULT",SAFETY,SAFETY,SAFETY_STOP,PASS,
c1815547c828,"PAIN_AFTER_SINGING,VOCAL_FATIGUE",SAFETY,SAFETY,SAFETY_STOP,PASS,
c1815547c828,"SPEAKING_DISCOMFORT,THROAT_EFFORT",SAFETY,SAFETY,SAFETY_STOP,PASS,
c1f4910eafe2,PAIN_WHILE_SINGING,SAFETY,SAFETY,SAFETY_STOP,PASS,
c1f4910eafe2,PAIN_AFTER_SINGING,SAFETY,SAFETY,SAFETY_STOP,PASS,
c1f4910eafe2,SPEAKING_DISCOMFORT,SAFETY,SAFETY,SAFETY_STOP,PASS,
c1f4910eafe2,PERSISTENT_HOARSENESS,SAFETY,SAFETY,SAFETY_STOP,PASS,
c1f4910eafe2,"PAIN_WHILE_SINGING,HIGH_NOTE_FLIPS",SAFETY,SAFETY,SAFETY_STOP,PASS,
c1f4910eafe2,"PAIN_WHILE_SINGING,HIGH_NOTE_TOO_EFFORTFUL",SAFETY,SAFETY,SAFETY_STOP,PASS,
c1f4910eafe2,"PAIN_WHILE_SINGING,LOUD_VOICE_DIFFICULT",SAFETY,SAFETY,SAFETY_STOP,PASS,
c1f4910eafe2,"PAIN_AFTER_SINGING,VOCAL_FATIGUE",SAFETY,SAFETY,SAFETY_STOP,PASS,
c1f4910eafe2,"SPEAKING_DISCOMFORT,THROAT_EFFORT",SAFETY,SAFETY,SAFETY_STOP,PASS,
c3fca76b89b8,PAIN_WHILE_SINGING,SAFETY,SAFETY,SAFETY_STOP,PASS,
c3fca76b89b8,PAIN_AFTER_SINGING,SAFETY,SAFETY,SAFETY_STOP,PASS,
c3fca76b89b8,SPEAKING_DISCOMFORT,SAFETY,SAFETY,SAFETY_STOP,PASS,
c3fca76b89b8,PERSISTENT_HOARSENESS,SAFETY,SAFETY,SAFETY_STOP,PASS,
c3fca76b89b8,"PAIN_WHILE_SINGING,HIGH_NOTE_FLIPS",SAFETY,SAFETY,SAFETY_STOP,PASS,
c3fca76b89b8,"PAIN_WHILE_SINGING,HIGH_NOTE_TOO_EFFORTFUL",SAFETY,SAFETY,SAFETY_STOP,PASS,
c3fca76b89b8,"PAIN_WHILE_SINGING,LOUD_VOICE_DIFFICULT",SAFETY,SAFETY,SAFETY_STOP,PASS,
c3fca76b89b8,"PAIN_AFTER_SINGING,VOCAL_FATIGUE",SAFETY,SAFETY,SAFETY_STOP,PASS,
c3fca76b89b8,"SPEAKING_DISCOMFORT,THROAT_EFFORT",SAFETY,SAFETY,SAFETY_STOP,PASS,
c5b20be3c802,PAIN_WHILE_SINGING,SAFETY,SAFETY,SAFETY_STOP,PASS,
c5b20be3c802,PAIN_AFTER_SINGING,SAFETY,SAFETY,SAFETY_STOP,PASS,
c5b20be3c802,SPEAKING_DISCOMFORT,SAFETY,SAFETY,SAFETY_STOP,PASS,
c5b20be3c802,PERSISTENT_HOARSENESS,SAFETY,SAFETY,SAFETY_STOP,PASS,
c5b20be3c802,"PAIN_WHILE_SINGING,HIGH_NOTE_FLIPS",SAFETY,SAFETY,SAFETY_STOP,PASS,
c5b20be3c802,"PAIN_WHILE_SINGING,HIGH_NOTE_TOO_EFFORTFUL",SAFETY,SAFETY,SAFETY_STOP,PASS,
c5b20be3c802,"PAIN_WHILE_SINGING,LOUD_VOICE_DIFFICULT",SAFETY,SAFETY,SAFETY_STOP,PASS,
c5b20be3c802,"PAIN_AFTER_SINGING,VOCAL_FATIGUE",SAFETY,SAFETY,SAFETY_STOP,PASS,
c5b20be3c802,"SPEAKING_DISCOMFORT,THROAT_EFFORT",SAFETY,SAFETY,SAFETY_STOP,PASS,
c5cd93ed40a3,PAIN_WHILE_SINGING,SAFETY,SAFETY,SAFETY_STOP,PASS,
c5cd93ed40a3,PAIN_AFTER_SINGING,SAFETY,SAFETY,SAFETY_STOP,PASS,
c5cd93ed40a3,SPEAKING_DISCOMFORT,SAFETY,SAFETY,SAFETY_STOP,PASS,
c5cd93ed40a3,PERSISTENT_HOARSENESS,SAFETY,SAFETY,SAFETY_STOP,PASS,
c5cd93ed40a3,"PAIN_WHILE_SINGING,HIGH_NOTE_FLIPS",SAFETY,SAFETY,SAFETY_STOP,PASS,
c5cd93ed40a3,"PAIN_WHILE_SINGING,HIGH_NOTE_TOO_EFFORTFUL",SAFETY,SAFETY,SAFETY_STOP,PASS,
c5cd93ed40a3,"PAIN_WHILE_SINGING,LOUD_VOICE_DIFFICULT",SAFETY,SAFETY,SAFETY_STOP,PASS,
c5cd93ed40a3,"PAIN_AFTER_SINGING,VOCAL_FATIGUE",SAFETY,SAFETY,SAFETY_STOP,PASS,
c5cd93ed40a3,"SPEAKING_DISCOMFORT,THROAT_EFFORT",SAFETY,SAFETY,SAFETY_STOP,PASS,
c8d4b24b6f55,PAIN_WHILE_SINGING,SAFETY,SAFETY,SAFETY_STOP,PASS,
c8d4b24b6f55,PAIN_AFTER_SINGING,SAFETY,SAFETY,SAFETY_STOP,PASS,
c8d4b24b6f55,SPEAKING_DISCOMFORT,SAFETY,SAFETY,SAFETY_STOP,PASS,
c8d4b24b6f55,PERSISTENT_HOARSENESS,SAFETY,SAFETY,SAFETY_STOP,PASS,
c8d4b24b6f55,"PAIN_WHILE_SINGING,HIGH_NOTE_FLIPS",SAFETY,SAFETY,SAFETY_STOP,PASS,
c8d4b24b6f55,"PAIN_WHILE_SINGING,HIGH_NOTE_TOO_EFFORTFUL",SAFETY,SAFETY,SAFETY_STOP,PASS,
c8d4b24b6f55,"PAIN_WHILE_SINGING,LOUD_VOICE_DIFFICULT",SAFETY,SAFETY,SAFETY_STOP,PASS,
c8d4b24b6f55,"PAIN_AFTER_SINGING,VOCAL_FATIGUE",SAFETY,SAFETY,SAFETY_STOP,PASS,
c8d4b24b6f55,"SPEAKING_DISCOMFORT,THROAT_EFFORT",SAFETY,SAFETY,SAFETY_STOP,PASS,
ca43bc2b048b,PAIN_WHILE_SINGING,SAFETY,SAFETY,SAFETY_STOP,PASS,
ca43bc2b048b,PAIN_AFTER_SINGING,SAFETY,SAFETY,SAFETY_STOP,PASS,
ca43bc2b048b,SPEAKING_DISCOMFORT,SAFETY,SAFETY,SAFETY_STOP,PASS,
ca43bc2b048b,PERSISTENT_HOARSENESS,SAFETY,SAFETY,SAFETY_STOP,PASS,
ca43bc2b048b,"PAIN_WHILE_SINGING,HIGH_NOTE_FLIPS",SAFETY,SAFETY,SAFETY_STOP,PASS,
ca43bc2b048b,"PAIN_WHILE_SINGING,HIGH_NOTE_TOO_EFFORTFUL",SAFETY,SAFETY,SAFETY_STOP,PASS,
ca43bc2b048b,"PAIN_WHILE_SINGING,LOUD_VOICE_DIFFICULT",SAFETY,SAFETY,SAFETY_STOP,PASS,
ca43bc2b048b,"PAIN_AFTER_SINGING,VOCAL_FATIGUE",SAFETY,SAFETY,SAFETY_STOP,PASS,
ca43bc2b048b,"SPEAKING_DISCOMFORT,THROAT_EFFORT",SAFETY,SAFETY,SAFETY_STOP,PASS,
cfc6b206e99b,PAIN_WHILE_SINGING,SAFETY,SAFETY,SAFETY_STOP,PASS,
cfc6b206e99b,PAIN_AFTER_SINGING,SAFETY,SAFETY,SAFETY_STOP,PASS,
cfc6b206e99b,SPEAKING_DISCOMFORT,SAFETY,SAFETY,SAFETY_STOP,PASS,
cfc6b206e99b,PERSISTENT_HOARSENESS,SAFETY,SAFETY,SAFETY_STOP,PASS,
cfc6b206e99b,"PAIN_WHILE_SINGING,HIGH_NOTE_FLIPS",SAFETY,SAFETY,SAFETY_STOP,PASS,
cfc6b206e99b,"PAIN_WHILE_SINGING,HIGH_NOTE_TOO_EFFORTFUL",SAFETY,SAFETY,SAFETY_STOP,PASS,
cfc6b206e99b,"PAIN_WHILE_SINGING,LOUD_VOICE_DIFFICULT",SAFETY,SAFETY,SAFETY_STOP,PASS,
cfc6b206e99b,"PAIN_AFTER_SINGING,VOCAL_FATIGUE",SAFETY,SAFETY,SAFETY_STOP,PASS,
cfc6b206e99b,"SPEAKING_DISCOMFORT,THROAT_EFFORT",SAFETY,SAFETY,SAFETY_STOP,PASS,
d03ad168d8d7,PAIN_WHILE_SINGING,SAFETY,SAFETY,SAFETY_STOP,PASS,
d03ad168d8d7,PAIN_AFTER_SINGING,SAFETY,SAFETY,SAFETY_STOP,PASS,
d03ad168d8d7,SPEAKING_DISCOMFORT,SAFETY,SAFETY,SAFETY_STOP,PASS,
d03ad168d8d7,PERSISTENT_HOARSENESS,SAFETY,SAFETY,SAFETY_STOP,PASS,
d03ad168d8d7,"PAIN_WHILE_SINGING,HIGH_NOTE_FLIPS",SAFETY,SAFETY,SAFETY_STOP,PASS,
d03ad168d8d7,"PAIN_WHILE_SINGING,HIGH_NOTE_TOO_EFFORTFUL",SAFETY,SAFETY,SAFETY_STOP,PASS,
d03ad168d8d7,"PAIN_WHILE_SINGING,LOUD_VOICE_DIFFICULT",SAFETY,SAFETY,SAFETY_STOP,PASS,
d03ad168d8d7,"PAIN_AFTER_SINGING,VOCAL_FATIGUE",SAFETY,SAFETY,SAFETY_STOP,PASS,
d03ad168d8d7,"SPEAKING_DISCOMFORT,THROAT_EFFORT",SAFETY,SAFETY,SAFETY_STOP,PASS,
d241c8e7a734,PAIN_WHILE_SINGING,SAFETY,SAFETY,SAFETY_STOP,PASS,
d241c8e7a734,PAIN_AFTER_SINGING,SAFETY,SAFETY,SAFETY_STOP,PASS,
d241c8e7a734,SPEAKING_DISCOMFORT,SAFETY,SAFETY,SAFETY_STOP,PASS,
d241c8e7a734,PERSISTENT_HOARSENESS,SAFETY,SAFETY,SAFETY_STOP,PASS,
d241c8e7a734,"PAIN_WHILE_SINGING,HIGH_NOTE_FLIPS",SAFETY,SAFETY,SAFETY_STOP,PASS,
d241c8e7a734,"PAIN_WHILE_SINGING,HIGH_NOTE_TOO_EFFORTFUL",SAFETY,SAFETY,SAFETY_STOP,PASS,
d241c8e7a734,"PAIN_WHILE_SINGING,LOUD_VOICE_DIFFICULT",SAFETY,SAFETY,SAFETY_STOP,PASS,
d241c8e7a734,"PAIN_AFTER_SINGING,VOCAL_FATIGUE",SAFETY,SAFETY,SAFETY_STOP,PASS,
d241c8e7a734,"SPEAKING_DISCOMFORT,THROAT_EFFORT",SAFETY,SAFETY,SAFETY_STOP,PASS,
d395d6bc40d4,PAIN_WHILE_SINGING,SAFETY,SAFETY,SAFETY_STOP,PASS,
d395d6bc40d4,PAIN_AFTER_SINGING,SAFETY,SAFETY,SAFETY_STOP,PASS,
d395d6bc40d4,SPEAKING_DISCOMFORT,SAFETY,SAFETY,SAFETY_STOP,PASS,
d395d6bc40d4,PERSISTENT_HOARSENESS,SAFETY,SAFETY,SAFETY_STOP,PASS,
d395d6bc40d4,"PAIN_WHILE_SINGING,HIGH_NOTE_FLIPS",SAFETY,SAFETY,SAFETY_STOP,PASS,
d395d6bc40d4,"PAIN_WHILE_SINGING,HIGH_NOTE_TOO_EFFORTFUL",SAFETY,SAFETY,SAFETY_STOP,PASS,
d395d6bc40d4,"PAIN_WHILE_SINGING,LOUD_VOICE_DIFFICULT",SAFETY,SAFETY,SAFETY_STOP,PASS,
d395d6bc40d4,"PAIN_AFTER_SINGING,VOCAL_FATIGUE",SAFETY,SAFETY,SAFETY_STOP,PASS,
d395d6bc40d4,"SPEAKING_DISCOMFORT,THROAT_EFFORT",SAFETY,SAFETY,SAFETY_STOP,PASS,
d399575eeebe,PAIN_WHILE_SINGING,SAFETY,SAFETY,SAFETY_STOP,PASS,
d399575eeebe,PAIN_AFTER_SINGING,SAFETY,SAFETY,SAFETY_STOP,PASS,
d399575eeebe,SPEAKING_DISCOMFORT,SAFETY,SAFETY,SAFETY_STOP,PASS,
d399575eeebe,PERSISTENT_HOARSENESS,SAFETY,SAFETY,SAFETY_STOP,PASS,
d399575eeebe,"PAIN_WHILE_SINGING,HIGH_NOTE_FLIPS",SAFETY,SAFETY,SAFETY_STOP,PASS,
d399575eeebe,"PAIN_WHILE_SINGING,HIGH_NOTE_TOO_EFFORTFUL",SAFETY,SAFETY,SAFETY_STOP,PASS,
d399575eeebe,"PAIN_WHILE_SINGING,LOUD_VOICE_DIFFICULT",SAFETY,SAFETY,SAFETY_STOP,PASS,
d399575eeebe,"PAIN_AFTER_SINGING,VOCAL_FATIGUE",SAFETY,SAFETY,SAFETY_STOP,PASS,
d399575eeebe,"SPEAKING_DISCOMFORT,THROAT_EFFORT",SAFETY,SAFETY,SAFETY_STOP,PASS,
d46938baf1fc,PAIN_WHILE_SINGING,SAFETY,SAFETY,SAFETY_STOP,PASS,
d46938baf1fc,PAIN_AFTER_SINGING,SAFETY,SAFETY,SAFETY_STOP,PASS,
d46938baf1fc,SPEAKING_DISCOMFORT,SAFETY,SAFETY,SAFETY_STOP,PASS,
d46938baf1fc,PERSISTENT_HOARSENESS,SAFETY,SAFETY,SAFETY_STOP,PASS,
d46938baf1fc,"PAIN_WHILE_SINGING,HIGH_NOTE_FLIPS",SAFETY,SAFETY,SAFETY_STOP,PASS,
d46938baf1fc,"PAIN_WHILE_SINGING,HIGH_NOTE_TOO_EFFORTFUL",SAFETY,SAFETY,SAFETY_STOP,PASS,
d46938baf1fc,"PAIN_WHILE_SINGING,LOUD_VOICE_DIFFICULT",SAFETY,SAFETY,SAFETY_STOP,PASS,
d46938baf1fc,"PAIN_AFTER_SINGING,VOCAL_FATIGUE",SAFETY,SAFETY,SAFETY_STOP,PASS,
d46938baf1fc,"SPEAKING_DISCOMFORT,THROAT_EFFORT",SAFETY,SAFETY,SAFETY_STOP,PASS,
d5045bc290a1,PAIN_WHILE_SINGING,SAFETY,SAFETY,SAFETY_STOP,PASS,
d5045bc290a1,PAIN_AFTER_SINGING,SAFETY,SAFETY,SAFETY_STOP,PASS,
d5045bc290a1,SPEAKING_DISCOMFORT,SAFETY,SAFETY,SAFETY_STOP,PASS,
d5045bc290a1,PERSISTENT_HOARSENESS,SAFETY,SAFETY,SAFETY_STOP,PASS,
d5045bc290a1,"PAIN_WHILE_SINGING,HIGH_NOTE_FLIPS",SAFETY,SAFETY,SAFETY_STOP,PASS,
d5045bc290a1,"PAIN_WHILE_SINGING,HIGH_NOTE_TOO_EFFORTFUL",SAFETY,SAFETY,SAFETY_STOP,PASS,
d5045bc290a1,"PAIN_WHILE_SINGING,LOUD_VOICE_DIFFICULT",SAFETY,SAFETY,SAFETY_STOP,PASS,
d5045bc290a1,"PAIN_AFTER_SINGING,VOCAL_FATIGUE",SAFETY,SAFETY,SAFETY_STOP,PASS,
d5045bc290a1,"SPEAKING_DISCOMFORT,THROAT_EFFORT",SAFETY,SAFETY,SAFETY_STOP,PASS,
d87efe3c048b,PAIN_WHILE_SINGING,SAFETY,SAFETY,SAFETY_STOP,PASS,
d87efe3c048b,PAIN_AFTER_SINGING,SAFETY,SAFETY,SAFETY_STOP,PASS,
d87efe3c048b,SPEAKING_DISCOMFORT,SAFETY,SAFETY,SAFETY_STOP,PASS,
d87efe3c048b,PERSISTENT_HOARSENESS,SAFETY,SAFETY,SAFETY_STOP,PASS,
d87efe3c048b,"PAIN_WHILE_SINGING,HIGH_NOTE_FLIPS",SAFETY,SAFETY,SAFETY_STOP,PASS,
d87efe3c048b,"PAIN_WHILE_SINGING,HIGH_NOTE_TOO_EFFORTFUL",SAFETY,SAFETY,SAFETY_STOP,PASS,
d87efe3c048b,"PAIN_WHILE_SINGING,LOUD_VOICE_DIFFICULT",SAFETY,SAFETY,SAFETY_STOP,PASS,
d87efe3c048b,"PAIN_AFTER_SINGING,VOCAL_FATIGUE",SAFETY,SAFETY,SAFETY_STOP,PASS,
d87efe3c048b,"SPEAKING_DISCOMFORT,THROAT_EFFORT",SAFETY,SAFETY,SAFETY_STOP,PASS,
e1c87ca2521c,PAIN_WHILE_SINGING,SAFETY,SAFETY,SAFETY_STOP,PASS,
e1c87ca2521c,PAIN_AFTER_SINGING,SAFETY,SAFETY,SAFETY_STOP,PASS,
e1c87ca2521c,SPEAKING_DISCOMFORT,SAFETY,SAFETY,SAFETY_STOP,PASS,
e1c87ca2521c,PERSISTENT_HOARSENESS,SAFETY,SAFETY,SAFETY_STOP,PASS,
e1c87ca2521c,"PAIN_WHILE_SINGING,HIGH_NOTE_FLIPS",SAFETY,SAFETY,SAFETY_STOP,PASS,
e1c87ca2521c,"PAIN_WHILE_SINGING,HIGH_NOTE_TOO_EFFORTFUL",SAFETY,SAFETY,SAFETY_STOP,PASS,
e1c87ca2521c,"PAIN_WHILE_SINGING,LOUD_VOICE_DIFFICULT",SAFETY,SAFETY,SAFETY_STOP,PASS,
e1c87ca2521c,"PAIN_AFTER_SINGING,VOCAL_FATIGUE",SAFETY,SAFETY,SAFETY_STOP,PASS,
e1c87ca2521c,"SPEAKING_DISCOMFORT,THROAT_EFFORT",SAFETY,SAFETY,SAFETY_STOP,PASS,
e67deea6f112,PAIN_WHILE_SINGING,SAFETY,SAFETY,SAFETY_STOP,PASS,
e67deea6f112,PAIN_AFTER_SINGING,SAFETY,SAFETY,SAFETY_STOP,PASS,
e67deea6f112,SPEAKING_DISCOMFORT,SAFETY,SAFETY,SAFETY_STOP,PASS,
e67deea6f112,PERSISTENT_HOARSENESS,SAFETY,SAFETY,SAFETY_STOP,PASS,
e67deea6f112,"PAIN_WHILE_SINGING,HIGH_NOTE_FLIPS",SAFETY,SAFETY,SAFETY_STOP,PASS,
e67deea6f112,"PAIN_WHILE_SINGING,HIGH_NOTE_TOO_EFFORTFUL",SAFETY,SAFETY,SAFETY_STOP,PASS,
e67deea6f112,"PAIN_WHILE_SINGING,LOUD_VOICE_DIFFICULT",SAFETY,SAFETY,SAFETY_STOP,PASS,
e67deea6f112,"PAIN_AFTER_SINGING,VOCAL_FATIGUE",SAFETY,SAFETY,SAFETY_STOP,PASS,
e67deea6f112,"SPEAKING_DISCOMFORT,THROAT_EFFORT",SAFETY,SAFETY,SAFETY_STOP,PASS,
e8314e2d9fd3,PAIN_WHILE_SINGING,SAFETY,SAFETY,SAFETY_STOP,PASS,
e8314e2d9fd3,PAIN_AFTER_SINGING,SAFETY,SAFETY,SAFETY_STOP,PASS,
e8314e2d9fd3,SPEAKING_DISCOMFORT,SAFETY,SAFETY,SAFETY_STOP,PASS,
e8314e2d9fd3,PERSISTENT_HOARSENESS,SAFETY,SAFETY,SAFETY_STOP,PASS,
e8314e2d9fd3,"PAIN_WHILE_SINGING,HIGH_NOTE_FLIPS",SAFETY,SAFETY,SAFETY_STOP,PASS,
e8314e2d9fd3,"PAIN_WHILE_SINGING,HIGH_NOTE_TOO_EFFORTFUL",SAFETY,SAFETY,SAFETY_STOP,PASS,
e8314e2d9fd3,"PAIN_WHILE_SINGING,LOUD_VOICE_DIFFICULT",SAFETY,SAFETY,SAFETY_STOP,PASS,
e8314e2d9fd3,"PAIN_AFTER_SINGING,VOCAL_FATIGUE",SAFETY,SAFETY,SAFETY_STOP,PASS,
e8314e2d9fd3,"SPEAKING_DISCOMFORT,THROAT_EFFORT",SAFETY,SAFETY,SAFETY_STOP,PASS,
e8b8aa373520,PAIN_WHILE_SINGING,SAFETY,SAFETY,SAFETY_STOP,PASS,
e8b8aa373520,PAIN_AFTER_SINGING,SAFETY,SAFETY,SAFETY_STOP,PASS,
e8b8aa373520,SPEAKING_DISCOMFORT,SAFETY,SAFETY,SAFETY_STOP,PASS,
e8b8aa373520,PERSISTENT_HOARSENESS,SAFETY,SAFETY,SAFETY_STOP,PASS,
e8b8aa373520,"PAIN_WHILE_SINGING,HIGH_NOTE_FLIPS",SAFETY,SAFETY,SAFETY_STOP,PASS,
e8b8aa373520,"PAIN_WHILE_SINGING,HIGH_NOTE_TOO_EFFORTFUL",SAFETY,SAFETY,SAFETY_STOP,PASS,
e8b8aa373520,"PAIN_WHILE_SINGING,LOUD_VOICE_DIFFICULT",SAFETY,SAFETY,SAFETY_STOP,PASS,
e8b8aa373520,"PAIN_AFTER_SINGING,VOCAL_FATIGUE",SAFETY,SAFETY,SAFETY_STOP,PASS,
e8b8aa373520,"SPEAKING_DISCOMFORT,THROAT_EFFORT",SAFETY,SAFETY,SAFETY_STOP,PASS,
ec93548d279f,PAIN_WHILE_SINGING,SAFETY,SAFETY,SAFETY_STOP,PASS,
ec93548d279f,PAIN_AFTER_SINGING,SAFETY,SAFETY,SAFETY_STOP,PASS,
ec93548d279f,SPEAKING_DISCOMFORT,SAFETY,SAFETY,SAFETY_STOP,PASS,
ec93548d279f,PERSISTENT_HOARSENESS,SAFETY,SAFETY,SAFETY_STOP,PASS,
ec93548d279f,"PAIN_WHILE_SINGING,HIGH_NOTE_FLIPS",SAFETY,SAFETY,SAFETY_STOP,PASS,
ec93548d279f,"PAIN_WHILE_SINGING,HIGH_NOTE_TOO_EFFORTFUL",SAFETY,SAFETY,SAFETY_STOP,PASS,
ec93548d279f,"PAIN_WHILE_SINGING,LOUD_VOICE_DIFFICULT",SAFETY,SAFETY,SAFETY_STOP,PASS,
ec93548d279f,"PAIN_AFTER_SINGING,VOCAL_FATIGUE",SAFETY,SAFETY,SAFETY_STOP,PASS,
ec93548d279f,"SPEAKING_DISCOMFORT,THROAT_EFFORT",SAFETY,SAFETY,SAFETY_STOP,PASS,
ed401e191813,PAIN_WHILE_SINGING,SAFETY,SAFETY,SAFETY_STOP,PASS,
ed401e191813,PAIN_AFTER_SINGING,SAFETY,SAFETY,SAFETY_STOP,PASS,
ed401e191813,SPEAKING_DISCOMFORT,SAFETY,SAFETY,SAFETY_STOP,PASS,
ed401e191813,PERSISTENT_HOARSENESS,SAFETY,SAFETY,SAFETY_STOP,PASS,
ed401e191813,"PAIN_WHILE_SINGING,HIGH_NOTE_FLIPS",SAFETY,SAFETY,SAFETY_STOP,PASS,
ed401e191813,"PAIN_WHILE_SINGING,HIGH_NOTE_TOO_EFFORTFUL",SAFETY,SAFETY,SAFETY_STOP,PASS,
ed401e191813,"PAIN_WHILE_SINGING,LOUD_VOICE_DIFFICULT",SAFETY,SAFETY,SAFETY_STOP,PASS,
ed401e191813,"PAIN_AFTER_SINGING,VOCAL_FATIGUE",SAFETY,SAFETY,SAFETY_STOP,PASS,
ed401e191813,"SPEAKING_DISCOMFORT,THROAT_EFFORT",SAFETY,SAFETY,SAFETY_STOP,PASS,
ee4a74e09cc1,PAIN_WHILE_SINGING,SAFETY,SAFETY,SAFETY_STOP,PASS,
ee4a74e09cc1,PAIN_AFTER_SINGING,SAFETY,SAFETY,SAFETY_STOP,PASS,
ee4a74e09cc1,SPEAKING_DISCOMFORT,SAFETY,SAFETY,SAFETY_STOP,PASS,
ee4a74e09cc1,PERSISTENT_HOARSENESS,SAFETY,SAFETY,SAFETY_STOP,PASS,
ee4a74e09cc1,"PAIN_WHILE_SINGING,HIGH_NOTE_FLIPS",SAFETY,SAFETY,SAFETY_STOP,PASS,
ee4a74e09cc1,"PAIN_WHILE_SINGING,HIGH_NOTE_TOO_EFFORTFUL",SAFETY,SAFETY,SAFETY_STOP,PASS,
ee4a74e09cc1,"PAIN_WHILE_SINGING,LOUD_VOICE_DIFFICULT",SAFETY,SAFETY,SAFETY_STOP,PASS,
ee4a74e09cc1,"PAIN_AFTER_SINGING,VOCAL_FATIGUE",SAFETY,SAFETY,SAFETY_STOP,PASS,
ee4a74e09cc1,"SPEAKING_DISCOMFORT,THROAT_EFFORT",SAFETY,SAFETY,SAFETY_STOP,PASS,
f17b7f4ff446,PAIN_WHILE_SINGING,SAFETY,SAFETY,SAFETY_STOP,PASS,
f17b7f4ff446,PAIN_AFTER_SINGING,SAFETY,SAFETY,SAFETY_STOP,PASS,
f17b7f4ff446,SPEAKING_DISCOMFORT,SAFETY,SAFETY,SAFETY_STOP,PASS,
f17b7f4ff446,PERSISTENT_HOARSENESS,SAFETY,SAFETY,SAFETY_STOP,PASS,
f17b7f4ff446,"PAIN_WHILE_SINGING,HIGH_NOTE_FLIPS",SAFETY,SAFETY,SAFETY_STOP,PASS,
f17b7f4ff446,"PAIN_WHILE_SINGING,HIGH_NOTE_TOO_EFFORTFUL",SAFETY,SAFETY,SAFETY_STOP,PASS,
f17b7f4ff446,"PAIN_WHILE_SINGING,LOUD_VOICE_DIFFICULT",SAFETY,SAFETY,SAFETY_STOP,PASS,
f17b7f4ff446,"PAIN_AFTER_SINGING,VOCAL_FATIGUE",SAFETY,SAFETY,SAFETY_STOP,PASS,
f17b7f4ff446,"SPEAKING_DISCOMFORT,THROAT_EFFORT",SAFETY,SAFETY,SAFETY_STOP,PASS,
f19129f7b4dc,PAIN_WHILE_SINGING,SAFETY,SAFETY,SAFETY_STOP,PASS,
f19129f7b4dc,PAIN_AFTER_SINGING,SAFETY,SAFETY,SAFETY_STOP,PASS,
f19129f7b4dc,SPEAKING_DISCOMFORT,SAFETY,SAFETY,SAFETY_STOP,PASS,
f19129f7b4dc,PERSISTENT_HOARSENESS,SAFETY,SAFETY,SAFETY_STOP,PASS,
f19129f7b4dc,"PAIN_WHILE_SINGING,HIGH_NOTE_FLIPS",SAFETY,SAFETY,SAFETY_STOP,PASS,
f19129f7b4dc,"PAIN_WHILE_SINGING,HIGH_NOTE_TOO_EFFORTFUL",SAFETY,SAFETY,SAFETY_STOP,PASS,
f19129f7b4dc,"PAIN_WHILE_SINGING,LOUD_VOICE_DIFFICULT",SAFETY,SAFETY,SAFETY_STOP,PASS,
f19129f7b4dc,"PAIN_AFTER_SINGING,VOCAL_FATIGUE",SAFETY,SAFETY,SAFETY_STOP,PASS,
f19129f7b4dc,"SPEAKING_DISCOMFORT,THROAT_EFFORT",SAFETY,SAFETY,SAFETY_STOP,PASS,
fadd83f6eb33,PAIN_WHILE_SINGING,SAFETY,SAFETY,SAFETY_STOP,PASS,
fadd83f6eb33,PAIN_AFTER_SINGING,SAFETY,SAFETY,SAFETY_STOP,PASS,
fadd83f6eb33,SPEAKING_DISCOMFORT,SAFETY,SAFETY,SAFETY_STOP,PASS,
fadd83f6eb33,PERSISTENT_HOARSENESS,SAFETY,SAFETY,SAFETY_STOP,PASS,
fadd83f6eb33,"PAIN_WHILE_SINGING,HIGH_NOTE_FLIPS",SAFETY,SAFETY,SAFETY_STOP,PASS,
fadd83f6eb33,"PAIN_WHILE_SINGING,HIGH_NOTE_TOO_EFFORTFUL",SAFETY,SAFETY,SAFETY_STOP,PASS,
fadd83f6eb33,"PAIN_WHILE_SINGING,LOUD_VOICE_DIFFICULT",SAFETY,SAFETY,SAFETY_STOP,PASS,
fadd83f6eb33,"PAIN_AFTER_SINGING,VOCAL_FATIGUE",SAFETY,SAFETY,SAFETY_STOP,PASS,
fadd83f6eb33,"SPEAKING_DISCOMFORT,THROAT_EFFORT",SAFETY,SAFETY,SAFETY_STOP,PASS,
