rank,filename,audio_id,sha256,path,current_cluster,status,robust_score,sim_drowning,sim_movie,sim_prototype,min_seed_similarity,mean_seed_similarity,seed_similarity_gap,segment_median_drowning,segment_median_movie,segment_support,quality,review_required,notes
1,거의동116.m4a,3ced1f723c5e,3ced1f723c5e225b8b0de41941de0a047f0e99a1633f4d6e4e7c966b763cd9ca,C:\VocalAgent\거의동116.m4a,speaker_009,HIGH_CANDIDATE,0.775114,0.859642,0.725512,0.872922,0.725512,0.792577,0.134130,0.626217,0.456827,0.708333,GOOD,True,consistent with both seeds
2,요즘 바쁜가봐.m4a,8156c1254947,8156c1254947742d6f5b74402934ef8757727cc968fd6abbb78b56783711ae9f,C:\VocalAgent\요즘 바쁜가봐.m4a,speaker_009,HIGH_CANDIDATE,0.774655,0.821627,0.737918,0.858819,0.737918,0.779773,0.083709,0.610088,0.578693,0.875000,GOOD,True,consistent with both seeds
3,좋은사람.m4a,a7c957603751,a7c957603751d4fddebdf858da37f0fd6a1e7463c14818aea221b56b0f7af181,C:\VocalAgent\좋은사람.m4a,speaker_009,HIGH_CANDIDATE,0.765694,0.783422,0.739205,0.838488,0.739205,0.761313,0.044217,0.543566,0.504254,0.583333,GOOD,True,consistent with both seeds
4,거의동115.m4a,d5045bc290a1,d5045bc290a1db899886e391482c0077ddbedfe07f41c5a4bdb396fedc496ddc,C:\VocalAgent\거의동115.m4a,speaker_009,HIGH_CANDIDATE,0.761975,0.748647,0.746213,0.823198,0.746213,0.747430,0.002433,0.512724,0.520845,0.541667,GOOD,True,consistent with both seeds
5,bluemoon.m4a,5e7819c3abb4,5e7819c3abb42ae14873c91ee99825d29ceaf6da01bc898aa396259cbc99c253,C:\VocalAgent\bluemoon.m4a,speaker_009,HIGH_CANDIDATE,0.703281,0.692987,0.688046,0.760515,0.688046,0.690516,0.004941,0.552991,0.480826,0.708333,GOOD,True,consistent with both seeds
6,거의동117.m4a,1387ae324719,1387ae32471971bc218ae0757b085555d8d2ba8a936169a0c556883b685c6361,C:\VocalAgent\거의동117.m4a,speaker_009,HIGH_CANDIDATE,0.699449,0.659843,0.760667,0.782254,0.659843,0.710255,0.100824,0.606074,0.784598,1.000000,GOOD,True,consistent with both seeds
7,I'llneverloveagain.m4a,0f26db696e8e,0f26db696e8e0cb98243f8064176b11bfaeeea2eaf690ea5b4223f4e85967e4d,C:\VocalAgent\I'llneverloveagain.m4a,speaker_009,HIGH_CANDIDATE,0.692227,0.725937,0.662228,0.764442,0.662228,0.694082,0.063709,0.528918,0.495142,0.541667,GOOD,True,consistent with both seeds
8,love again.m4a,aef8b974cfb0,aef8b974cfb0b193165eb78edb8838c14dc1b74d9b31916284e6e166e7f69b24,C:\VocalAgent\love again.m4a,speaker_009,HIGH_CANDIDATE,0.674704,0.643275,0.713958,0.747408,0.643275,0.678616,0.070683,0.558910,0.664511,0.625000,GOOD,True,consistent with both seeds
9,옥탑방.m4a,ec93548d279f,ec93548d279f509b476fc928b507301e8c6ab030d9084471f5c2d38419234187,C:\VocalAgent\옥탑방.m4a,speaker_009,HIGH_CANDIDATE,0.662968,0.616791,0.746231,0.750596,0.616791,0.681511,0.129440,0.568515,0.681550,0.708333,GOOD,True,consistent with both seeds
10,upload.webm · e8314e2d,e8314e2d9fd3,e8314e2d9fd3aea07b95ae46ce1b342e1388cb465f048fa47d7954e0f3399e73,C:\VocalAgent\runtime\diagnostic_sessions\ba62f95fa43f43688d0dcd34aa0b336c\tasks\sustain_a\attempt_1\upload.webm,speaker_025,MEDIUM_CANDIDATE,0.513181,0.499079,0.514395,0.558105,0.499079,0.506737,0.015316,0.564424,0.597065,0.666667,FAIR,True,moderate both-seed similarity
11,upload.webm · 2c9d61eb,2c9d61ebb9da,2c9d61ebb9da411d4a3b8592d3fc0f7696b4c40a07a88bded722bfab4c114f11,C:\VocalAgent\runtime\diagnostic_sessions\f973bce50557481fad8ba55a40bcb21c\tasks\sustain_i\attempt_1\upload.webm,speaker_025,MEDIUM_CANDIDATE,0.512876,0.496422,0.520982,0.560270,0.496422,0.508702,0.024559,0.504770,0.513167,0.500000,FAIR,True,moderate both-seed similarity
12,호흡많고헤드.m4a,99023e55f0f5,99023e55f0f5940b7cde7dff7d8abbdf56da3a9903a768a392c02968d42a0ccc,C:\VocalAgent\호흡많고헤드.m4a,speaker_006,MEDIUM_CANDIDATE,0.512002,0.571245,0.478072,0.577843,0.478072,0.524658,0.093173,0.449258,0.426404,0.125000,GOOD,True,moderate both-seed similarity
13,upload.webm · ee4a74e0,ee4a74e09cc1,ee4a74e09cc1d3a84c8dd5f05069b2a31884a3f4bf5909010b4c42814462900f,C:\VocalAgent\runtime\diagnostic_sessions\c84304fcb6b843d2a1e6eb5087134291\tasks\sustain_i\attempt_1\upload.webm,speaker_004,MEDIUM_CANDIDATE,0.506514,0.541756,0.480944,0.563186,0.480944,0.511350,0.060813,0.432502,0.429720,0.333333,FAIR,True,moderate both-seed similarity
14,upload.webm · 983379d1,983379d1fe46,983379d1fe46018a844e384f9f0f5648d23d86003365b570f6dde8d7bf41c0ab,C:\VocalAgent\runtime\diagnostic_sessions\e9039df1e37d44719bf930cf695ead64\tasks\sustain_i\attempt_1\upload.webm,speaker_007,LOW_CANDIDATE,0.496678,0.595307,0.449677,0.575457,0.449677,0.522492,0.145629,0.446165,0.492506,0.125000,GOOD,False,weak similarity
15,upload.webm · 5662e809,5662e8094f66,5662e8094f66d3fd27846cd64b216dd557acef7d5817025c677957bea94780f0,C:\VocalAgent\runtime\diagnostic_sessions\e9039df1e37d44719bf930cf695ead64\tasks\high_note_sustain_a\attempt_1\upload.webm,speaker_019,MEDIUM_CANDIDATE,0.489381,0.526457,0.463640,0.545232,0.463640,0.495048,0.062817,0.416613,0.402425,0.250000,GOOD,True,moderate both-seed similarity
16,기모그.m4a,d241c8e7a734,d241c8e7a7346bebe1b5802d5a43a11422aa50635f969c5c8842fb58cb7acb88,C:\VocalAgent\기모그.m4a,speaker_010,LOW_CANDIDATE,0.467752,0.543308,0.429419,0.535667,0.429419,0.486363,0.113889,0.360834,0.383358,0.125000,GOOD,False,weak similarity
17,목잡이.m4a,00ae450b11f1,00ae450b11f15f53af9e4ea58c4e52d4bdde098e292c5e6530675c775de0fac1,C:\VocalAgent\목잡이.m4a,speaker_020,LOW_CANDIDATE,0.465576,0.557833,0.421586,0.539352,0.421586,0.489710,0.136247,0.459050,0.374292,0.125000,GOOD,False,weak similarity
18,upload.webm · d87efe3c,d87efe3c048b,d87efe3c048b3a701e13327d22bccf4a2d3d464e5b208b9252482cb702fb032d,C:\VocalAgent\runtime\diagnostic_sessions\f973bce50557481fad8ba55a40bcb21c\tasks\sustain_a\attempt_1\upload.webm,speaker_025,LOW_CANDIDATE,0.456520,0.423801,0.516549,0.517837,0.423801,0.470175,0.092748,0.432703,0.519009,0.375000,FAIR,False,weak similarity
19,upload.webm · f17b7f4f,f17b7f4ff446,f17b7f4ff446eac9181094b557eeffb1a3bbb7779174569b763646b06eca7e41,C:\VocalAgent\runtime\0ff873201e0f4ce8adeb1f176d39cb16\upload.webm,speaker_004,CONFLICT,0.454469,0.605965,0.390502,0.548740,0.390502,0.498233,0.215463,0.419077,0.304817,0.000000,GOOD,True,strong max but inconsistent across seeds
20,upload.webm · 07564b6d,07564b6df5b9,07564b6df5b9862814817adcb31be945298cd3e956eb859d0ae0f7f336b0506f,C:\VocalAgent\runtime\65c2390ef2324f6088b420f8485e56e5\upload.webm,speaker_020,LOW_CANDIDATE,0.451002,0.479086,0.429362,0.500269,0.429362,0.454224,0.049724,0.363333,0.332360,0.000000,GOOD,False,weak similarity
21,편하게.m4a,54b972ad300a,54b972ad300a3466f05c653a20f66b2e247f2ca243cde61dc3e925c627bec230,C:\VocalAgent\편하게.m4a,speaker_006,LOW_CANDIDATE,0.450308,0.540311,0.407496,0.521943,0.407496,0.473903,0.132815,0.432085,0.403200,0.166667,GOOD,False,weak similarity
22,Lyrics.mp3,15f8e161f598,15f8e161f5987f8ea83bccbe92a8ac25ac3260cfdb67bbd40483ae76e527e6a9,C:\VocalAgent\Lyrics.mp3,speaker_022,LOW_CANDIDATE,0.400564,0.360864,0.485351,0.465999,0.360864,0.423108,0.124487,0.319132,0.391571,0.000000,GOOD,False,weak similarity
23,upload.webm · 16b7e83c,16b7e83c0418,16b7e83c0418de7c937ef132a6a328a2cc832d298d1a8a9085d7d9ab1aa7dfd4,C:\VocalAgent\runtime\a26c74cad70447bb900e4a31715c74f3\upload.webm,speaker_005,LOW_CANDIDATE,0.399830,0.394470,0.391000,0.432547,0.391000,0.392735,0.003469,0.496074,0.511364,0.500000,GOOD,False,weak similarity
24,upload.webm · a888cb14,a888cb14dd6a,a888cb14dd6a435ef11b9d3e1e350e942563384804df24dbefd77420438e1133,C:\VocalAgent\runtime\7968846c14a24f61954480da44b2a392\upload.webm,speaker_005,LOW_CANDIDATE,0.397661,0.396472,0.387462,0.431701,0.387462,0.391967,0.009011,0.506806,0.514651,0.600000,GOOD,False,weak similarity
25,가없너.m4a,fadd83f6eb33,fadd83f6eb3313e95ef6b2600000daf035cbc6aee4b846f479a9c5e882787d16,C:\VocalAgent\가없너.m4a,speaker_010,LOW_CANDIDATE,0.396853,0.436473,0.372709,0.445605,0.372709,0.404591,0.063764,0.352611,0.316201,0.000000,GOOD,False,weak similarity
26,편안세게.m4a,10d07cc48c55,10d07cc48c5598fbd2497f0391de54c659e0fafdd7133ad7c9678f3c11b93e6f,C:\VocalAgent\편안세게.m4a,speaker_020,LOW_CANDIDATE,0.391313,0.495841,0.345104,0.463096,0.345104,0.420472,0.150737,0.436228,0.348831,0.041667,GOOD,False,weak similarity
27,upload.webm · 90147c98,90147c986aae,90147c986aae93ab817b52c80a3422a2b362c9a172ff602b2d301220117951c6,C:\VocalAgent\runtime\7a90a8f1a59b41c6b0f8e7c678b4a9df\upload.webm,speaker_005,LOW_CANDIDATE,0.386463,0.353561,0.452484,0.443877,0.353561,0.403023,0.098922,0.511880,0.579039,1.000000,FAIR,False,weak similarity
28,upload.wav · e8b8aa37,e8b8aa373520,e8b8aa37352029f955420e5e5a5d98ba9dcf3a52913aa1630f8a89515c0b55dc,C:\VocalAgent\runtime\0cd50917f9ed40d1a9e62a9f5904268f\upload.wav,speaker_005,LOW_CANDIDATE,0.383029,0.370905,0.388603,0.418250,0.370905,0.379754,0.017698,0.448098,0.519533,0.500000,GOOD,False,weak similarity
29,upload.webm · c01fc220,c01fc220195f,c01fc220195f24668f8242f622fcaed321c4835de32592ae478c8e34c588a3ca,C:\VocalAgent\runtime\diagnostic_sessions\9794b5ceaddf434d9fcec7115a9be1ea\tasks\sustain_a\attempt_1\upload.webm,speaker_005,LOW_CANDIDATE,0.382156,0.369982,0.387947,0.417380,0.369982,0.378964,0.017965,0.447073,0.519004,0.500000,FAIR,False,weak similarity
30,upload.webm · 0ea5487c,0ea5487c229a,0ea5487c229a9e74970718c68e391de0bbf0126138ab78f21ef76e4e1e407bea,C:\VocalAgent\runtime\diagnostic_sessions\e9039df1e37d44719bf930cf695ead64\tasks\sustain_a\attempt_1\upload.webm,speaker_025,LOW_CANDIDATE,0.381724,0.414936,0.360177,0.426844,0.360177,0.387556,0.054759,0.409367,0.442942,0.250000,FAIR,False,weak similarity
31,upload.wav · 7b8c45cd,7b8c45cdd16b,7b8c45cdd16b1f9e08bbf2d6391f364f9bdd303ac58a1f78baa457df76d4f322,C:\VocalAgent\runtime\0cc29f91aee74ab29f02519e3b381df5\upload.wav,speaker_005,LOW_CANDIDATE,0.381351,0.369177,0.387203,0.416528,0.369177,0.378190,0.018026,0.446069,0.518389,0.500000,FAIR,False,weak similarity
32,upload.webm · 6b3aa0d0,6b3aa0d0ddfb,6b3aa0d0ddfb5566666c3d263cd565600414ee03187045dfa90b2079bdd141af,C:\VocalAgent\runtime\diagnostic_sessions\c84304fcb6b843d2a1e6eb5087134291\tasks\siren\attempt_1\upload.webm,speaker_023,LOW_CANDIDATE,0.380224,0.435404,0.351199,0.433171,0.351199,0.393301,0.084205,0.438490,0.389205,0.000000,FAIR,False,weak similarity
33,upload.webm · 40fb3383,40fb338380cc,40fb338380ccc7353ba5bf76ba5e135e3b8a2b6d0b4ac20b5976be85a6f948d6,C:\VocalAgent\runtime\diagnostic_sessions\46eaac51bdab4d2fa6108ee3e736b757\tasks\dynamic_swell\attempt_1\upload.webm,speaker_007,LOW_CANDIDATE,0.378175,0.433463,0.349167,0.430983,0.349167,0.391315,0.084296,0.406615,0.441326,0.000000,FAIR,False,weak similarity
34,upload.webm · 95b54db5,95b54db5ba3d,95b54db5ba3d0f7067ee955a5b3e3b160ddbd3ef8112d53a881c3a97c0539ecb,C:\VocalAgent\runtime\diagnostic_sessions\e9039df1e37d44719bf930cf695ead64\tasks\dynamic_swell\attempt_1\upload.webm,speaker_011,LOW_CANDIDATE,0.370764,0.426667,0.341743,0.423153,0.341743,0.384205,0.084924,0.373456,0.339331,0.000000,FAIR,False,weak similarity
35,upload.webm · c3fca76b,c3fca76b89b8,c3fca76b89b8095917a4c8b97e723c95c1723a105e89535722eeb857aae5c5a8,C:\VocalAgent\runtime\02ca15a9e9a542cf99c19dfd6c9d1fe2\upload.webm,speaker_006,LOW_CANDIDATE,0.367419,0.446854,0.330434,0.428041,0.330434,0.388644,0.116420,0.383544,0.362666,0.041667,GOOD,False,weak similarity
36,upload.webm · ed401e19,ed401e191813,ed401e191813a304b8ea3194ffed35ed285e33b948375a727a1e30698ca8a78a,C:\VocalAgent\runtime\diagnostic_sessions\f973bce50557481fad8ba55a40bcb21c\tasks\siren\attempt_1\upload.webm,speaker_001,LOW_CANDIDATE,0.365815,0.389224,0.348047,0.406004,0.348047,0.368635,0.041177,0.321002,0.319110,0.000000,FAIR,False,weak similarity
37,upload.wav · c1f4910e,c1f4910eafe2,c1f4910eafe21e50ed5c64e1d8faf27503427b10760bd55c9762e5a1965abc8e,C:\VocalAgent\runtime\e7d6b8168bc64bed95f5a7cf2f27c204\upload.wav,speaker_005,LOW_CANDIDATE,0.359626,0.334049,0.406335,0.407719,0.334049,0.370192,0.072286,0.472129,0.492591,0.000000,POOR,False,weak similarity
38,upload.webm · e1c87ca2,e1c87ca2521c,e1c87ca2521c111be9167e088e3dce3a15d6ec95a01420423bcc991f36d002ca,C:\VocalAgent\runtime\78510f3622e64f1dbe00be542b3fdaa9\upload.webm,speaker_006,LOW_CANDIDATE,0.357428,0.422051,0.325778,0.411819,0.325778,0.373915,0.096273,0.365317,0.280463,0.000000,GOOD,False,weak similarity
39,upload.webm · 70479ec6,70479ec67665,70479ec6766578cdb4a3341bb6f3951080ea4e166613794d6bd4b1729e320074,C:\VocalAgent\runtime\diagnostic_sessions\f973bce50557481fad8ba55a40bcb21c\tasks\high_note_sustain_a\attempt_1\upload.webm,speaker_014,LOW_CANDIDATE,0.354821,0.346572,0.351270,0.384292,0.346572,0.348921,0.004698,0.268102,0.289540,0.125000,FAIR,False,weak similarity
40,upload.wav · 442202fc,442202fca595,442202fca595a8762e99074200044f82fe8c17fc8e411b35d5ffb0d60b2b3b6b,C:\VocalAgent\runtime\0e3cb9e466744bf69101def07914fcb7\upload.wav,speaker_005,LOW_CANDIDATE,0.354009,0.331712,0.391570,0.398301,0.331712,0.361641,0.059858,0.480762,0.510677,0.500000,POOR,False,weak similarity
41,upload.webm · d399575e,d399575eeebe,d399575eeebed9ee5739df586f8851dd6f04620a466e634b85e97b81e9541a9d,C:\VocalAgent\runtime\diagnostic_sessions\e9039df1e37d44719bf930cf695ead64\tasks\siren\attempt_1\upload.webm,speaker_001,LOW_CANDIDATE,0.353175,0.475433,0.301916,0.428075,0.301916,0.388675,0.173518,0.389480,0.329866,0.000000,FAIR,False,weak similarity
42,upload.wav · a77ba822,a77ba822cbfe,a77ba822cbfe2f2a9a66e32736b836da899e2e2cc05401f011b69176a6548630,C:\VocalAgent\runtime\00588c90e6f3431b868eb274540a2e48\upload.wav,speaker_005,LOW_CANDIDATE,0.352410,0.329864,0.390823,0.396872,0.329864,0.360344,0.060959,0.483558,0.509972,0.500000,FAIR,False,weak similarity
43,upload.wav · 9e6b39da,9e6b39daf637,9e6b39daf637fa2dcefa192385350b5123ad8601fae366ff47b58064d25f6816,C:\VocalAgent\runtime\4532e16bdda743b99052bda7bb0fa469\upload.wav,speaker_005,LOW_CANDIDATE,0.352410,0.329864,0.390823,0.396872,0.329864,0.360344,0.060959,0.483558,0.509972,0.500000,FAIR,False,weak similarity
44,upload.wav · 8b561778,8b5617784c9c,8b5617784c9cc595a52c9f2acc8ed7dbed319892f0378f8edee2772b0ebc3de7,C:\VocalAgent\runtime\336e27a3d2af432aaecb554c46dbcc90\upload.wav,speaker_005,LOW_CANDIDATE,0.346784,0.335304,0.353302,0.379205,0.335304,0.344303,0.017997,0.409253,0.490452,0.000000,POOR,False,weak similarity
45,upload.wav · 90ac5e34,90ac5e34aedd,90ac5e34aedd74908ebf78834d5b35ea34ff6ea843f2e1980fc7ded9d8d836dd,C:\VocalAgent\backend\runtime\e0e6361733b34633a1cd095d9d0b020e\upload.wav,speaker_005,LOW_CANDIDATE,0.346662,0.335220,0.353078,0.379036,0.335220,0.344149,0.017858,0.409150,0.490089,0.000000,POOR,False,weak similarity
46,upload.webm · 7abf49d0,7abf49d0b4cd,7abf49d0b4cdc7f451370d7cb5805222ad3482bc8842f59edfb13c215214da32,C:\VocalAgent\runtime\fce31e25965045ea8778700dad4b31cc\upload.webm,speaker_006,LOW_CANDIDATE,0.341087,0.413414,0.307238,0.396852,0.307238,0.360326,0.106176,0.353270,0.317406,0.083333,GOOD,False,weak similarity
47,upload.wav · d46938ba,d46938baf1fc,d46938baf1fc1019581e15818aac59d87cb4b5c18d1e0c88f40d3e815dedc149,C:\VocalAgent\runtime\5f423fdb91574d9b9df7dbeee9b18f0f\upload.wav,speaker_005,LOW_CANDIDATE,0.338980,0.317811,0.374416,0.381200,0.317811,0.346114,0.056605,0.489996,0.506408,0.500000,POOR,False,weak similarity
48,upload.webm · a29f829e,a29f829eedd0,a29f829eedd08ad5d7a33f7d88e4d5f840a362c7ea957039123c3633b653cf0f,C:\VocalAgent\runtime\2321ae4482414bd4ad33796695d1f1ee\upload.webm,speaker_003,LOW_CANDIDATE,0.338362,0.474649,0.282697,0.417059,0.282697,0.378673,0.191952,0.384200,0.243758,0.000000,GOOD,False,weak similarity
49,upload.webm · d03ad168,d03ad168d8d7,d03ad168d8d7335e0d42d5c4d570ef28f2d88ad292fe08088fe958f4127e1eeb,C:\VocalAgent\runtime\diagnostic_sessions\46eaac51bdab4d2fa6108ee3e736b757\tasks\siren\attempt_1\upload.webm,speaker_021,LOW_CANDIDATE,0.331856,0.427395,0.290309,0.395229,0.290309,0.358852,0.137086,0.435643,0.378431,0.000000,FAIR,False,weak similarity
50,upload.wav · cfc6b206,cfc6b206e99b,cfc6b206e99b298a229480f020e61d2b22a791e08a840fdd40ef62d8bd78b155,C:\VocalAgent\runtime\02cee106dd424fde903d4b72c95d0522\upload.wav,speaker_005,LOW_CANDIDATE,0.331370,0.310684,0.365991,0.372635,0.310684,0.338338,0.055307,0.419667,0.434477,0.000000,POOR,False,weak similarity
51,upload.webm · 1a0be83c,1a0be83ce9c6,1a0be83ce9c6c4dbbd0bf38bc106c4aa47fd88c9f599f67fb1c1dbd9c3764ceb,C:\VocalAgent\runtime\diagnostic_sessions\e532610cd0cc437189bbd33ed4052a1e\tasks\sustain_a\attempt_1\upload.webm,speaker_005,LOW_CANDIDATE,0.331370,0.310684,0.365991,0.372635,0.310684,0.338338,0.055307,0.419667,0.434477,0.000000,POOR,False,weak similarity
52,upload.webm · b960707a,b960707ab2f6,b960707ab2f6bbf6aee62f29c21011654ba410a0b310f452c11dd605cba2fe60,C:\VocalAgent\runtime\diagnostic_sessions\c84304fcb6b843d2a1e6eb5087134291\tasks\sustain_a\attempt_1\upload.webm,speaker_001,LOW_CANDIDATE,0.321834,0.411335,0.282620,0.382151,0.282620,0.346978,0.128715,0.305910,0.269209,0.000000,GOOD,False,weak similarity
53,upload.webm · d395d6bc,d395d6bc40d4,d395d6bc40d49d0f06025972fc451fb251f1a8da04a06ee8b7abe45165e8593b,C:\VocalAgent\runtime\diagnostic_sessions\c84304fcb6b843d2a1e6eb5087134291\tasks\dynamic_swell\attempt_1\upload.webm,speaker_015,LOW_CANDIDATE,0.314825,0.401005,0.276935,0.373332,0.276935,0.338970,0.124071,0.396485,0.320242,0.000000,FAIR,False,weak similarity
54,upload.webm · 36a7bd42,36a7bd4286b4,36a7bd4286b4ba32a9d24ce246656607bde600e99da10babd2652b5a5dc9d2f1,C:\VocalAgent\runtime\6bc317cde50945bb9b282824e3354301\upload.webm,speaker_024,LOW_CANDIDATE,0.306110,0.305979,0.297990,0.332597,0.297990,0.301985,0.007989,0.236334,0.283291,0.000000,GOOD,False,weak similarity
55,upload.webm · 357eeb64,357eeb649bd6,357eeb649bd61551db054e8f4a19daa7315d6cdb402b4d668cd38bf01f3b099a,C:\VocalAgent\runtime\56d38088aeba4c2a87b4cd8f43b8a1fa\upload.webm,speaker_006,LOW_CANDIDATE,0.294978,0.389489,0.254767,0.354782,0.254767,0.322128,0.134722,0.353955,0.278671,0.000000,GOOD,False,weak similarity
56,upload.webm · c5cd93ed,c5cd93ed40a3,c5cd93ed40a39506b3acbc69cf882c57d411ef49ba3addc2c4f3e74b2ff1f805,C:\VocalAgent\runtime\396250c8f971409e9b54d79d8ac9f2c7\upload.webm,speaker_006,LOW_CANDIDATE,0.278163,0.346633,0.247311,0.327077,0.247311,0.296972,0.099322,0.290146,0.343244,0.000000,GOOD,False,weak similarity
57,upload.webm · aba38287,aba38287641d,aba38287641d7a29d9996b2930cee9c7c22dd2d857945af924386f02885b1899,C:\VocalAgent\runtime\1183bbb7c8554599badbb4ab69e7ba23\upload.webm,speaker_003,LOW_CANDIDATE,0.258447,0.342323,0.222849,0.311232,0.222849,0.282586,0.119474,0.294031,0.219307,0.000000,GOOD,False,weak similarity
58,upload.webm · 7436d634,7436d634b9bf,7436d634b9bf8b805cbac32dac0af598b1eca772878da8ab81162aa00f14b856,C:\VocalAgent\runtime\bdca833fe26d42dda76ffc469ee9b68b\upload.webm,speaker_006,LOW_CANDIDATE,0.246009,0.302578,0.220089,0.287825,0.220089,0.261333,0.082489,0.281908,0.276729,0.000000,GOOD,False,weak similarity
59,upload.webm · bdb75679,bdb75679732a,bdb75679732aedec10a78631cb8276b04b487c7cd2b1e5beb57b04cd4c495e78,C:\VocalAgent\runtime\0547c7e124584191b7db3f126479425e\upload.webm,speaker_003,LOW_CANDIDATE,0.231597,0.316319,0.196425,0.282361,0.196425,0.256372,0.119894,0.276378,0.225134,0.000000,GOOD,False,weak similarity
60,upload.webm · f19129f7,f19129f7b4dc,f19129f7b4dcc1f99a82aed34988eb263cdec737397d6846d781575f37757671,C:\VocalAgent\runtime\diagnostic_sessions\f973bce50557481fad8ba55a40bcb21c\tasks\dynamic_swell\attempt_2\upload.webm,speaker_008,LOW_CANDIDATE,0.220400,0.340669,0.173363,0.283070,0.173363,0.257016,0.167306,0.259392,0.182940,0.000000,GOOD,False,weak similarity
61,upload.wav · ca43bc2b,ca43bc2b048b,ca43bc2b048bb58da28e465ea1db4b8de28fba1ab83c76d7dde2b8dd27c70535,C:\VocalAgent\runtime\b43b58d4cfc544c28d4d809a6ad5c02c\upload.wav,speaker_005,LOW_CANDIDATE,0.197160,0.188980,0.205697,0.217343,0.188980,0.197338,0.016718,0.312449,0.318416,0.000000,POOR,False,weak similarity
62,upload.webm · a69d81db,a69d81db3e48,a69d81db3e488bab8eca8b86c932e6e1da0fd20023887c760ecf679ce0b0c511,C:\VocalAgent\runtime\f189a3aec64944648c138fb3af97ff74\upload.webm,speaker_012,LOW_CANDIDATE,0.194266,0.241572,0.172895,0.228241,0.172895,0.207234,0.068677,0.205382,0.196314,0.000000,GOOD,False,weak similarity
63,upload.webm · c5b20be3,c5b20be3c802,c5b20be3c8028085b8f60dfe927ddc620fae4b6e1441af3d2c2942be6f9dec33,C:\VocalAgent\runtime\9dff792efb0e44f59e4dd49882ed4ef2\upload.webm,speaker_016,LOW_CANDIDATE,0.179875,0.196159,0.169504,0.201365,0.169504,0.182832,0.026655,0.196523,0.168540,0.000000,GOOD,False,weak similarity
64,테스트.m4a,0ada85fffc84,0ada85fffc84819f704dff0073483d5bf536f635059c7caafa8129c9759a6307,C:\VocalAgent\테스트.m4a,speaker_018,LOW_CANDIDATE,0.165170,0.320553,0.107589,0.235772,0.107589,0.214071,0.212964,0.317889,0.162123,0.000000,FAIR,False,weak similarity
65,upload.webm · 882c5cd5,882c5cd5a0c8,882c5cd5a0c867be8d4378ef9f88dca9bb761f7b558cb2fb5b894835a2390ff4,C:\VocalAgent\runtime\diagnostic_sessions\46eaac51bdab4d2fa6108ee3e736b757\tasks\sustain_a\attempt_1\upload.webm,speaker_017,LOW_CANDIDATE,0.161288,0.264002,0.121835,0.212475,0.121835,0.192919,0.142167,0.302342,0.216643,0.000000,FAIR,False,weak similarity
66,upload.webm · b4b7ce27,b4b7ce279c98,b4b7ce279c987d50ed83eeb57137b7345fe9b052dda6094abe2b2b6f5394727b,C:\VocalAgent\runtime\c33e338ba1a04e7aa158fcc35215f5c0\upload.webm,speaker_012,LOW_CANDIDATE,0.140746,0.203994,0.115348,0.175857,0.115348,0.159671,0.088646,0.226239,0.188934,0.000000,GOOD,False,weak similarity
67,upload.webm · c8d4b24b,c8d4b24b6f55,c8d4b24b6f556a80d26c28ee7113aa8805f40a516742bd8a686ed36ec35a4e86,C:\VocalAgent\runtime\7e467a88f8c845aa9b8587afd4fc90ee\upload.webm,speaker_003,LOW_CANDIDATE,0.133500,0.261448,0.086153,0.191419,0.086153,0.173800,0.175295,0.233899,0.151110,0.000000,GOOD,False,weak similarity
68,upload.webm · 37db691d,37db691d1416,37db691d14161b200b6ac892ca88b3a3eb0288d9c9df88fbfb29b9aad730d9c1,C:\VocalAgent\runtime\diagnostic_sessions\46eaac51bdab4d2fa6108ee3e736b757\tasks\sustain_i\attempt_1\upload.webm,speaker_013,LOW_CANDIDATE,0.120978,0.209012,0.087624,0.163353,0.087624,0.148318,0.121388,0.227011,0.159119,0.000000,FAIR,False,weak similarity
69,upload.webm · b9ff5bf0,b9ff5bf02262,b9ff5bf02262db03fd6a1ec5ae3870ccddf8ad508390584791ac54468cdbfb74,C:\VocalAgent\runtime\diagnostic_sessions\f973bce50557481fad8ba55a40bcb21c\tasks\dynamic_swell\attempt_1\upload.webm,speaker_008,LOW_CANDIDATE,0.073407,0.184157,0.033548,0.119887,0.033548,0.108853,0.150609,0.185553,0.164187,0.000000,FAIR,False,weak similarity
70,upload.webm · c1815547,c1815547c828,c1815547c828c65d717f8d3fb948b844fe008b643145bb838f2f95fed9f3c9e3,C:\VocalAgent\runtime\f82ace5a518a418d8fd71bcaecd271b8\upload.webm,speaker_002,LOW_CANDIDATE,0.056270,0.020944,0.155110,0.096950,0.020944,0.088027,0.134166,0.132662,0.196951,0.000000,GOOD,False,weak similarity
71,upload.webm · e67deea6,e67deea6f112,e67deea6f1126c7d63afbe0ff54464384a4e7405a48a5c4f399e5cb44cd425a7,C:\VocalAgent\runtime\8d5a87bf67a04919a8e39245a47de599\upload.webm,speaker_002,LOW_CANDIDATE,0.045623,0.055210,0.041126,0.053051,0.041126,0.048168,0.014084,0.088601,0.118649,0.000000,GOOD,False,weak similarity
