filename,audio_id,segment_median_drowning,segment_median_movie,segment_support,segment_top_q,status
거의동116.m4a,3ced1f723c5e,0.6262174844741821,0.45682692527770996,0.7083333333333334,0.6300823092460632,HIGH_CANDIDATE
요즘 바쁜가봐.m4a,8156c1254947,0.6100884675979614,0.5786932706832886,0.875,0.6183761358261108,HIGH_CANDIDATE
좋은사람.m4a,a7c957603751,0.5435656309127808,0.5042535662651062,0.5833333333333334,0.616452693939209,HIGH_CANDIDATE
거의동115.m4a,d5045bc290a1,0.5127242803573608,0.5208452343940735,0.5416666666666667,0.5951772630214691,HIGH_CANDIDATE
bluemoon.m4a,5e7819c3abb4,0.5529905557632446,0.48082637786865234,0.7083333333333334,0.5563758909702301,HIGH_CANDIDATE
거의동117.m4a,1387ae324719,0.6060740947723389,0.7845975160598755,1.0,0.7062610387802124,HIGH_CANDIDATE
I'llneverloveagain.m4a,0f26db696e8e,0.5289181470870972,0.4951418936252594,0.5416666666666667,0.5703608691692352,HIGH_CANDIDATE
love again.m4a,aef8b974cfb0,0.5589102506637573,0.6645114421844482,0.625,0.6576584577560425,HIGH_CANDIDATE
옥탑방.m4a,ec93548d279f,0.5685150623321533,0.6815502643585205,0.7083333333333333,0.648880809545517,HIGH_CANDIDATE
upload.webm · e8314e2d,e8314e2d9fd3,0.5644240379333496,0.5970648527145386,0.6666666666666666,0.5968811810016632,MEDIUM_CANDIDATE
upload.webm · 2c9d61eb,2c9d61ebb9da,0.5047696232795715,0.5131672620773315,0.5,0.5980644822120667,MEDIUM_CANDIDATE
호흡많고헤드.m4a,99023e55f0f5,0.44925838708877563,0.4264043867588043,0.125,0.46088190376758575,MEDIUM_CANDIDATE
upload.webm · ee4a74e0,ee4a74e09cc1,0.43250152468681335,0.4297197461128235,0.3333333333333333,0.5052658021450043,MEDIUM_CANDIDATE
upload.webm · 983379d1,983379d1fe46,0.44616514444351196,0.49250563979148865,0.125,0.4941870719194412,LOW_CANDIDATE
upload.webm · 5662e809,5662e8094f66,0.41661274433135986,0.4024249315261841,0.25,0.4655134528875351,MEDIUM_CANDIDATE
기모그.m4a,d241c8e7a734,0.3608337640762329,0.3833578824996948,0.125,0.4563480317592621,LOW_CANDIDATE
목잡이.m4a,00ae450b11f1,0.459049791097641,0.37429237365722656,0.125,0.45667828619480133,LOW_CANDIDATE
upload.webm · d87efe3c,d87efe3c048b,0.4327027201652527,0.5190091133117676,0.375,0.5259203761816025,LOW_CANDIDATE
upload.webm · f17b7f4f,f17b7f4ff446,0.41907668113708496,0.30481722950935364,0.0,0.390420526266098,CONFLICT
upload.webm · 07564b6d,07564b6df5b9,0.3633326292037964,0.3323596715927124,0.0,0.4145069718360901,LOW_CANDIDATE
편하게.m4a,54b972ad300a,0.43208539485931396,0.4032004177570343,0.16666666666666666,0.43657317757606506,LOW_CANDIDATE
Lyrics.mp3,15f8e161f598,0.3191320300102234,0.391571044921875,0.0,0.394732266664505,LOW_CANDIDATE
upload.webm · 16b7e83c,16b7e83c0418,0.4960739016532898,0.5113636255264282,0.5,0.5228902101516724,LOW_CANDIDATE
upload.webm · a888cb14,a888cb14dd6a,0.506806492805481,0.5146507620811462,0.6,0.5217928290367126,LOW_CANDIDATE
가없너.m4a,fadd83f6eb33,0.35261082649230957,0.31620097160339355,0.0,0.36669252812862396,LOW_CANDIDATE
편안세게.m4a,10d07cc48c55,0.43622761964797974,0.3488309979438782,0.041666666666666664,0.45144104957580566,LOW_CANDIDATE
upload.webm · 90147c98,90147c986aae,0.5118796825408936,0.5790392160415649,1.0,0.5463733375072479,LOW_CANDIDATE
upload.wav · e8b8aa37,e8b8aa373520,0.4480983018875122,0.5195325016975403,0.5,0.48381540179252625,LOW_CANDIDATE
upload.webm · c01fc220,c01fc220195f,0.44707340002059937,0.5190036296844482,0.5,0.48348063230514526,LOW_CANDIDATE
upload.webm · 0ea5487c,0ea5487c229a,0.4093673825263977,0.44294244050979614,0.25,0.477248415350914,LOW_CANDIDATE
upload.wav · 7b8c45cd,7b8c45cdd16b,0.44606858491897583,0.5183894634246826,0.5,0.4830654561519623,LOW_CANDIDATE
upload.webm · 6b3aa0d0,6b3aa0d0ddfb,0.4384904205799103,0.38920527696609497,0.0,0.4291453957557678,LOW_CANDIDATE
upload.webm · 40fb3383,40fb338380cc,0.40661510825157166,0.4413260519504547,0.0,0.4390910565853119,LOW_CANDIDATE
upload.webm · 95b54db5,95b54db5ba3d,0.3734560012817383,0.3393307328224182,0.0,0.3879280090332031,LOW_CANDIDATE
upload.webm · c3fca76b,c3fca76b89b8,0.3835437595844269,0.36266645789146423,0.041666666666666664,0.42019815742969513,LOW_CANDIDATE
upload.webm · ed401e19,ed401e191813,0.32100194692611694,0.3191097378730774,0.0,0.39985644817352295,LOW_CANDIDATE
upload.wav · c1f4910e,c1f4910eafe2,0.4721292555332184,0.4925914704799652,0.0,0.4823603630065918,LOW_CANDIDATE
upload.webm · e1c87ca2,e1c87ca2521c,0.36531737446784973,0.28046292066574097,0.0,0.3659472316503525,LOW_CANDIDATE
upload.webm · 70479ec6,70479ec67665,0.2681017518043518,0.2895403206348419,0.125,0.33952847123146057,LOW_CANDIDATE
upload.wav · 442202fc,442202fca595,0.48076215386390686,0.5106772184371948,0.5,0.49571968615055084,LOW_CANDIDATE
upload.webm · d399575e,d399575eeebe,0.38948023319244385,0.32986584305763245,0.0,0.38437722623348236,LOW_CANDIDATE
upload.wav · a77ba822,a77ba822cbfe,0.4835575222969055,0.5099722146987915,0.5,0.49854426085948944,LOW_CANDIDATE
upload.wav · 9e6b39da,9e6b39daf637,0.4835575222969055,0.5099721550941467,0.5,0.4985441714525223,LOW_CANDIDATE
upload.wav · 8b561778,8b5617784c9c,0.40925338864326477,0.49045175313949585,0.0,0.4498525708913803,LOW_CANDIDATE
upload.wav · 90ac5e34,90ac5e34aedd,0.40914952754974365,0.49008864164352417,0.0,0.4496190845966339,LOW_CANDIDATE
upload.webm · 7abf49d0,7abf49d0b4cd,0.35326990485191345,0.317405641078949,0.08333333333333333,0.4028487801551819,LOW_CANDIDATE
upload.wav · d46938ba,d46938baf1fc,0.489996075630188,0.5064084529876709,0.5,0.49820226430892944,LOW_CANDIDATE
upload.webm · a29f829e,a29f829eedd0,0.3842003643512726,0.24375763535499573,0.0,0.33811214566230774,LOW_CANDIDATE
upload.webm · d03ad168,d03ad168d8d7,0.4356432557106018,0.37843096256256104,0.0,0.41259177029132843,LOW_CANDIDATE
upload.wav · cfc6b206,cfc6b206e99b,0.4196666479110718,0.4344773590564728,0.0,0.4270720034837723,LOW_CANDIDATE
upload.webm · 1a0be83c,1a0be83ce9c6,0.4196666181087494,0.4344772398471832,0.0,0.4270719289779663,LOW_CANDIDATE
upload.webm · b960707a,b960707ab2f6,0.30591002106666565,0.2692093849182129,0.0,0.3561104089021683,LOW_CANDIDATE
upload.webm · d395d6bc,d395d6bc40d4,0.396484911441803,0.3202420771121979,0.0,0.36565425992012024,LOW_CANDIDATE
upload.webm · 36a7bd42,36a7bd4286b4,0.23633429408073425,0.2832910120487213,0.0,0.298533096909523,LOW_CANDIDATE
upload.webm · 357eeb64,357eeb649bd6,0.35395458340644836,0.2786712646484375,0.0,0.3575166165828705,LOW_CANDIDATE
upload.webm · c5cd93ed,c5cd93ed40a3,0.29014572501182556,0.34324395656585693,0.0,0.36652688682079315,LOW_CANDIDATE
upload.webm · aba38287,aba38287641d,0.29403144121170044,0.2193070352077484,0.0,0.2824544608592987,LOW_CANDIDATE
upload.webm · 7436d634,7436d634b9bf,0.2819078862667084,0.27672910690307617,0.0,0.3126038759946823,LOW_CANDIDATE
upload.webm · bdb75679,bdb75679732a,0.27637773752212524,0.22513392567634583,0.0,0.2727143317461014,LOW_CANDIDATE
upload.webm · f19129f7,f19129f7b4dc,0.2593916654586792,0.1829398274421692,0.0,0.2735683172941208,LOW_CANDIDATE
upload.wav · ca43bc2b,ca43bc2b048b,0.31244927644729614,0.31841620802879333,0.0,0.31543274223804474,LOW_CANDIDATE
upload.webm · a69d81db,a69d81db3e48,0.2053823322057724,0.19631442427635193,0.0,0.22440481185913086,LOW_CANDIDATE
upload.webm · c5b20be3,c5b20be3c802,0.1965232789516449,0.16854041814804077,0.0,0.21103183180093765,LOW_CANDIDATE
테스트.m4a,0ada85fffc84,0.3178890347480774,0.16212335228919983,0.0,0.26217901706695557,LOW_CANDIDATE
upload.webm · 882c5cd5,882c5cd5a0c8,0.3023416996002197,0.21664300560951233,0.0,0.32398782670497894,LOW_CANDIDATE
upload.webm · b4b7ce27,b4b7ce279c98,0.22623850405216217,0.18893378973007202,0.0,0.26073605567216873,LOW_CANDIDATE
upload.webm · c8d4b24b,c8d4b24b6f55,0.2338988482952118,0.15110968053340912,0.0,0.2645748034119606,LOW_CANDIDATE
upload.webm · 37db691d,37db691d1416,0.22701144218444824,0.15911893546581268,0.0,0.25433097779750824,LOW_CANDIDATE
upload.webm · b9ff5bf0,b9ff5bf02262,0.18555277585983276,0.1641872227191925,0.0,0.19184502959251404,LOW_CANDIDATE
upload.webm · c1815547,c1815547c828,0.13266225159168243,0.19695067405700684,0.0,0.21051567047834396,LOW_CANDIDATE
upload.webm · e67deea6,e67deea6f112,0.08860121667385101,0.11864946037530899,0.0,0.1273808479309082,LOW_CANDIDATE
